solid OpenSCAD_Model
  facet normal -0.998423 -0.0561463 0
    outer loop
      vertex -37.3 0 0
      vertex -37.317 0.302303 0.2
      vertex -37.317 0.302303 0
    endloop
  endfacet
  facet normal -0.998423 -0.0561463 0
    outer loop
      vertex -37.317 0.302303 0.2
      vertex -37.3 0 0
      vertex -37.3 0 0.2
    endloop
  endfacet
  facet normal 0.998423 -0.0561463 0
    outer loop
      vertex -42.7 0 0.2
      vertex -42.683 0.302303 0
      vertex -42.683 0.302303 0.2
    endloop
  endfacet
  facet normal 0.998423 -0.0561463 0
    outer loop
      vertex -42.683 0.302303 0
      vertex -42.7 0 0.2
      vertex -42.7 0 0
    endloop
  endfacet
  facet normal -0.056081 -0.998426 0
    outer loop
      vertex -40 2.7 0
      vertex -39.6977 2.68302 0.2
      vertex -40 2.7 0.2
    endloop
  endfacet
  facet normal -0.056081 -0.998426 -0
    outer loop
      vertex -39.6977 2.68302 0.2
      vertex -40 2.7 0
      vertex -39.6977 2.68302 0
    endloop
  endfacet
  facet normal 0.056081 0.998426 -0
    outer loop
      vertex -40 -2.7 0
      vertex -40.3023 -2.68302 0.2
      vertex -40 -2.7 0.2
    endloop
  endfacet
  facet normal 0.056081 0.998426 0
    outer loop
      vertex -40.3023 -2.68302 0.2
      vertex -40 -2.7 0
      vertex -40.3023 -2.68302 0
    endloop
  endfacet
  facet normal 0.745741 0.666236 0
    outer loop
      vertex -41.9092 -1.90919 0.2
      vertex -42.1109 -1.68342 0
      vertex -42.1109 -1.68342 0.2
    endloop
  endfacet
  facet normal 0.745741 0.666236 0
    outer loop
      vertex -42.1109 -1.68342 0
      vertex -41.9092 -1.90919 0.2
      vertex -41.9092 -1.90919 0
    endloop
  endfacet
  facet normal -0.745741 -0.666236 0
    outer loop
      vertex -37.8891 1.68342 0
      vertex -38.0908 1.90919 0.2
      vertex -38.0908 1.90919 0
    endloop
  endfacet
  facet normal -0.745741 -0.666236 0
    outer loop
      vertex -38.0908 1.90919 0.2
      vertex -37.8891 1.68342 0
      vertex -37.8891 1.68342 0.2
    endloop
  endfacet
  facet normal 0.666278 -0.745703 0
    outer loop
      vertex -41.9092 1.90919 0
      vertex -41.6834 2.11094 0.2
      vertex -41.9092 1.90919 0.2
    endloop
  endfacet
  facet normal 0.666278 -0.745703 0
    outer loop
      vertex -41.6834 2.11094 0.2
      vertex -41.9092 1.90919 0
      vertex -41.6834 2.11094 0
    endloop
  endfacet
  facet normal 0.276818 -0.960922 0
    outer loop
      vertex -40.8918 2.54848 0
      vertex -40.6008 2.63231 0.2
      vertex -40.8918 2.54848 0.2
    endloop
  endfacet
  facet normal 0.276818 -0.960922 0
    outer loop
      vertex -40.6008 2.63231 0.2
      vertex -40.8918 2.54848 0
      vertex -40.6008 2.63231 0
    endloop
  endfacet
  facet normal -0.923846 -0.382766 0
    outer loop
      vertex -37.4515 0.891753 0
      vertex -37.5674 1.17149 0.2
      vertex -37.5674 1.17149 0
    endloop
  endfacet
  facet normal -0.923846 -0.382766 0
    outer loop
      vertex -37.5674 1.17149 0.2
      vertex -37.4515 0.891753 0
      vertex -37.4515 0.891753 0.2
    endloop
  endfacet
  facet normal -0.382696 -0.923874 0
    outer loop
      vertex -39.1082 2.54848 0
      vertex -38.8285 2.43262 0.2
      vertex -39.1082 2.54848 0.2
    endloop
  endfacet
  facet normal -0.382696 -0.923874 -0
    outer loop
      vertex -38.8285 2.43262 0.2
      vertex -39.1082 2.54848 0
      vertex -38.8285 2.43262 0
    endloop
  endfacet
  facet normal -0.276818 -0.960922 0
    outer loop
      vertex -39.3992 2.63231 0
      vertex -39.1082 2.54848 0.2
      vertex -39.3992 2.63231 0.2
    endloop
  endfacet
  facet normal -0.276818 -0.960922 -0
    outer loop
      vertex -39.1082 2.54848 0.2
      vertex -39.3992 2.63231 0
      vertex -39.1082 2.54848 0
    endloop
  endfacet
  facet normal -0.578726 -0.815522 0
    outer loop
      vertex -38.5635 2.28615 0
      vertex -38.3166 2.11094 0.2
      vertex -38.5635 2.28615 0.2
    endloop
  endfacet
  facet normal -0.578726 -0.815522 -0
    outer loop
      vertex -38.3166 2.11094 0.2
      vertex -38.5635 2.28615 0
      vertex -38.3166 2.11094 0
    endloop
  endfacet
  facet normal 0.923846 -0.382766 0
    outer loop
      vertex -42.5485 0.891753 0.2
      vertex -42.4326 1.17149 0
      vertex -42.4326 1.17149 0.2
    endloop
  endfacet
  facet normal 0.923846 -0.382766 0
    outer loop
      vertex -42.4326 1.17149 0
      vertex -42.5485 0.891753 0.2
      vertex -42.5485 0.891753 0
    endloop
  endfacet
  facet normal 0.960935 -0.276773 0
    outer loop
      vertex -42.6323 0.600806 0.2
      vertex -42.5485 0.891753 0
      vertex -42.5485 0.891753 0.2
    endloop
  endfacet
  facet normal 0.960935 -0.276773 0
    outer loop
      vertex -42.5485 0.891753 0
      vertex -42.6323 0.600806 0.2
      vertex -42.6323 0.600806 0
    endloop
  endfacet
  facet normal 0.167483 -0.985875 0
    outer loop
      vertex -40.6008 2.63231 0
      vertex -40.3023 2.68302 0.2
      vertex -40.6008 2.63231 0.2
    endloop
  endfacet
  facet normal 0.167483 -0.985875 0
    outer loop
      vertex -40.3023 2.68302 0.2
      vertex -40.6008 2.63231 0
      vertex -40.3023 2.68302 0
    endloop
  endfacet
  facet normal -0.923846 0.382766 0
    outer loop
      vertex -37.5674 -1.17149 0
      vertex -37.4515 -0.891753 0.2
      vertex -37.4515 -0.891753 0
    endloop
  endfacet
  facet normal -0.923846 0.382766 0
    outer loop
      vertex -37.4515 -0.891753 0.2
      vertex -37.5674 -1.17149 0
      vertex -37.5674 -1.17149 0.2
    endloop
  endfacet
  facet normal 0.382696 0.923874 -0
    outer loop
      vertex -40.8918 -2.54848 0
      vertex -41.1715 -2.43262 0.2
      vertex -40.8918 -2.54848 0.2
    endloop
  endfacet
  facet normal 0.382696 0.923874 0
    outer loop
      vertex -41.1715 -2.43262 0.2
      vertex -40.8918 -2.54848 0
      vertex -41.1715 -2.43262 0
    endloop
  endfacet
  facet normal 0.276818 0.960922 -0
    outer loop
      vertex -40.6008 -2.63231 0
      vertex -40.8918 -2.54848 0.2
      vertex -40.6008 -2.63231 0.2
    endloop
  endfacet
  facet normal 0.276818 0.960922 0
    outer loop
      vertex -40.8918 -2.54848 0.2
      vertex -40.6008 -2.63231 0
      vertex -40.8918 -2.54848 0
    endloop
  endfacet
  facet normal -0.960935 -0.276773 0
    outer loop
      vertex -37.3677 0.600806 0
      vertex -37.4515 0.891753 0.2
      vertex -37.4515 0.891753 0
    endloop
  endfacet
  facet normal -0.960935 -0.276773 0
    outer loop
      vertex -37.4515 0.891753 0.2
      vertex -37.3677 0.600806 0
      vertex -37.3677 0.600806 0.2
    endloop
  endfacet
  facet normal -0.985881 -0.167449 0
    outer loop
      vertex -37.317 0.302303 0
      vertex -37.3677 0.600806 0.2
      vertex -37.3677 0.600806 0
    endloop
  endfacet
  facet normal -0.985881 -0.167449 0
    outer loop
      vertex -37.3677 0.600806 0.2
      vertex -37.317 0.302303 0
      vertex -37.317 0.302303 0.2
    endloop
  endfacet
  facet normal -0.815415 -0.578877 0
    outer loop
      vertex -37.7138 1.43649 0
      vertex -37.8891 1.68342 0.2
      vertex -37.8891 1.68342 0
    endloop
  endfacet
  facet normal -0.815415 -0.578877 0
    outer loop
      vertex -37.8891 1.68342 0.2
      vertex -37.7138 1.43649 0
      vertex -37.7138 1.43649 0.2
    endloop
  endfacet
  facet normal -0.875308 -0.483566 0
    outer loop
      vertex -37.5674 1.17149 0
      vertex -37.7138 1.43649 0.2
      vertex -37.7138 1.43649 0
    endloop
  endfacet
  facet normal -0.875308 -0.483566 0
    outer loop
      vertex -37.7138 1.43649 0.2
      vertex -37.5674 1.17149 0
      vertex -37.5674 1.17149 0.2
    endloop
  endfacet
  facet normal -0.167483 -0.985875 0
    outer loop
      vertex -39.6977 2.68302 0
      vertex -39.3992 2.63231 0.2
      vertex -39.6977 2.68302 0.2
    endloop
  endfacet
  facet normal -0.167483 -0.985875 -0
    outer loop
      vertex -39.3992 2.63231 0.2
      vertex -39.6977 2.68302 0
      vertex -39.3992 2.63231 0
    endloop
  endfacet
  facet normal -0.483743 -0.87521 0
    outer loop
      vertex -38.8285 2.43262 0
      vertex -38.5635 2.28615 0.2
      vertex -38.8285 2.43262 0.2
    endloop
  endfacet
  facet normal -0.483743 -0.87521 -0
    outer loop
      vertex -38.5635 2.28615 0.2
      vertex -38.8285 2.43262 0
      vertex -38.5635 2.28615 0
    endloop
  endfacet
  facet normal -0.666278 -0.745703 0
    outer loop
      vertex -38.3166 2.11094 0
      vertex -38.0908 1.90919 0.2
      vertex -38.3166 2.11094 0.2
    endloop
  endfacet
  facet normal -0.666278 -0.745703 -0
    outer loop
      vertex -38.0908 1.90919 0.2
      vertex -38.3166 2.11094 0
      vertex -38.0908 1.90919 0
    endloop
  endfacet
  facet normal 0.815415 -0.578877 0
    outer loop
      vertex -42.2862 1.43649 0.2
      vertex -42.1109 1.68342 0
      vertex -42.1109 1.68342 0.2
    endloop
  endfacet
  facet normal 0.815415 -0.578877 0
    outer loop
      vertex -42.1109 1.68342 0
      vertex -42.2862 1.43649 0.2
      vertex -42.2862 1.43649 0
    endloop
  endfacet
  facet normal 0.745741 -0.666236 0
    outer loop
      vertex -42.1109 1.68342 0.2
      vertex -41.9092 1.90919 0
      vertex -41.9092 1.90919 0.2
    endloop
  endfacet
  facet normal 0.745741 -0.666236 0
    outer loop
      vertex -41.9092 1.90919 0
      vertex -42.1109 1.68342 0.2
      vertex -42.1109 1.68342 0
    endloop
  endfacet
  facet normal 0.875308 -0.483566 0
    outer loop
      vertex -42.4326 1.17149 0.2
      vertex -42.2862 1.43649 0
      vertex -42.2862 1.43649 0.2
    endloop
  endfacet
  facet normal 0.875308 -0.483566 0
    outer loop
      vertex -42.2862 1.43649 0
      vertex -42.4326 1.17149 0.2
      vertex -42.4326 1.17149 0
    endloop
  endfacet
  facet normal 0.985881 -0.167449 0
    outer loop
      vertex -42.683 0.302303 0.2
      vertex -42.6323 0.600806 0
      vertex -42.6323 0.600806 0.2
    endloop
  endfacet
  facet normal 0.985881 -0.167449 0
    outer loop
      vertex -42.6323 0.600806 0
      vertex -42.683 0.302303 0.2
      vertex -42.683 0.302303 0
    endloop
  endfacet
  facet normal 0.483743 -0.87521 0
    outer loop
      vertex -41.4365 2.28615 0
      vertex -41.1715 2.43262 0.2
      vertex -41.4365 2.28615 0.2
    endloop
  endfacet
  facet normal 0.483743 -0.87521 0
    outer loop
      vertex -41.1715 2.43262 0.2
      vertex -41.4365 2.28615 0
      vertex -41.1715 2.43262 0
    endloop
  endfacet
  facet normal 0.382696 -0.923874 0
    outer loop
      vertex -41.1715 2.43262 0
      vertex -40.8918 2.54848 0.2
      vertex -41.1715 2.43262 0.2
    endloop
  endfacet
  facet normal 0.382696 -0.923874 0
    outer loop
      vertex -40.8918 2.54848 0.2
      vertex -41.1715 2.43262 0
      vertex -40.8918 2.54848 0
    endloop
  endfacet
  facet normal 0.578726 -0.815522 0
    outer loop
      vertex -41.6834 2.11094 0
      vertex -41.4365 2.28615 0.2
      vertex -41.6834 2.11094 0.2
    endloop
  endfacet
  facet normal 0.578726 -0.815522 0
    outer loop
      vertex -41.4365 2.28615 0.2
      vertex -41.6834 2.11094 0
      vertex -41.4365 2.28615 0
    endloop
  endfacet
  facet normal 0.056081 -0.998426 0
    outer loop
      vertex -40.3023 2.68302 0
      vertex -40 2.7 0.2
      vertex -40.3023 2.68302 0.2
    endloop
  endfacet
  facet normal 0.056081 -0.998426 0
    outer loop
      vertex -40 2.7 0.2
      vertex -40.3023 2.68302 0
      vertex -40 2.7 0
    endloop
  endfacet
  facet normal -0.056081 0.998426 0
    outer loop
      vertex -39.6977 -2.68302 0
      vertex -40 -2.7 0.2
      vertex -39.6977 -2.68302 0.2
    endloop
  endfacet
  facet normal -0.056081 0.998426 0
    outer loop
      vertex -40 -2.7 0.2
      vertex -39.6977 -2.68302 0
      vertex -40 -2.7 0
    endloop
  endfacet
  facet normal -0.276818 0.960922 0
    outer loop
      vertex -39.1082 -2.54848 0
      vertex -39.3992 -2.63231 0.2
      vertex -39.1082 -2.54848 0.2
    endloop
  endfacet
  facet normal -0.276818 0.960922 0
    outer loop
      vertex -39.3992 -2.63231 0.2
      vertex -39.1082 -2.54848 0
      vertex -39.3992 -2.63231 0
    endloop
  endfacet
  facet normal -0.578726 0.815522 0
    outer loop
      vertex -38.3166 -2.11094 0
      vertex -38.5635 -2.28615 0.2
      vertex -38.3166 -2.11094 0.2
    endloop
  endfacet
  facet normal -0.578726 0.815522 0
    outer loop
      vertex -38.5635 -2.28615 0.2
      vertex -38.3166 -2.11094 0
      vertex -38.5635 -2.28615 0
    endloop
  endfacet
  facet normal -0.382696 0.923874 0
    outer loop
      vertex -38.8285 -2.43262 0
      vertex -39.1082 -2.54848 0.2
      vertex -38.8285 -2.43262 0.2
    endloop
  endfacet
  facet normal -0.382696 0.923874 0
    outer loop
      vertex -39.1082 -2.54848 0.2
      vertex -38.8285 -2.43262 0
      vertex -39.1082 -2.54848 0
    endloop
  endfacet
  facet normal -0.745741 0.666236 0
    outer loop
      vertex -38.0908 -1.90919 0
      vertex -37.8891 -1.68342 0.2
      vertex -37.8891 -1.68342 0
    endloop
  endfacet
  facet normal -0.745741 0.666236 0
    outer loop
      vertex -37.8891 -1.68342 0.2
      vertex -38.0908 -1.90919 0
      vertex -38.0908 -1.90919 0.2
    endloop
  endfacet
  facet normal -0.875308 0.483566 0
    outer loop
      vertex -37.7138 -1.43649 0
      vertex -37.5674 -1.17149 0.2
      vertex -37.5674 -1.17149 0
    endloop
  endfacet
  facet normal -0.875308 0.483566 0
    outer loop
      vertex -37.5674 -1.17149 0.2
      vertex -37.7138 -1.43649 0
      vertex -37.7138 -1.43649 0.2
    endloop
  endfacet
  facet normal 0.666278 0.745703 -0
    outer loop
      vertex -41.6834 -2.11094 0
      vertex -41.9092 -1.90919 0.2
      vertex -41.6834 -2.11094 0.2
    endloop
  endfacet
  facet normal 0.666278 0.745703 0
    outer loop
      vertex -41.9092 -1.90919 0.2
      vertex -41.6834 -2.11094 0
      vertex -41.9092 -1.90919 0
    endloop
  endfacet
  facet normal 0.483743 0.87521 -0
    outer loop
      vertex -41.1715 -2.43262 0
      vertex -41.4365 -2.28615 0.2
      vertex -41.1715 -2.43262 0.2
    endloop
  endfacet
  facet normal 0.483743 0.87521 0
    outer loop
      vertex -41.4365 -2.28615 0.2
      vertex -41.1715 -2.43262 0
      vertex -41.4365 -2.28615 0
    endloop
  endfacet
  facet normal 0.167483 0.985875 -0
    outer loop
      vertex -40.3023 -2.68302 0
      vertex -40.6008 -2.63231 0.2
      vertex -40.3023 -2.68302 0.2
    endloop
  endfacet
  facet normal 0.167483 0.985875 0
    outer loop
      vertex -40.6008 -2.63231 0.2
      vertex -40.3023 -2.68302 0
      vertex -40.6008 -2.63231 0
    endloop
  endfacet
  facet normal 0.923846 0.382766 0
    outer loop
      vertex -42.4326 -1.17149 0.2
      vertex -42.5485 -0.891753 0
      vertex -42.5485 -0.891753 0.2
    endloop
  endfacet
  facet normal 0.923846 0.382766 0
    outer loop
      vertex -42.5485 -0.891753 0
      vertex -42.4326 -1.17149 0.2
      vertex -42.4326 -1.17149 0
    endloop
  endfacet
  facet normal 0.815415 0.578877 0
    outer loop
      vertex -42.1109 -1.68342 0.2
      vertex -42.2862 -1.43649 0
      vertex -42.2862 -1.43649 0.2
    endloop
  endfacet
  facet normal 0.815415 0.578877 0
    outer loop
      vertex -42.2862 -1.43649 0
      vertex -42.1109 -1.68342 0.2
      vertex -42.1109 -1.68342 0
    endloop
  endfacet
  facet normal 0.960935 0.276773 0
    outer loop
      vertex -42.5485 -0.891753 0.2
      vertex -42.6323 -0.600806 0
      vertex -42.6323 -0.600806 0.2
    endloop
  endfacet
  facet normal 0.960935 0.276773 0
    outer loop
      vertex -42.6323 -0.600806 0
      vertex -42.5485 -0.891753 0.2
      vertex -42.5485 -0.891753 0
    endloop
  endfacet
  facet normal 0.998423 0.0561463 0
    outer loop
      vertex -42.683 -0.302303 0.2
      vertex -42.7 0 0
      vertex -42.7 0 0.2
    endloop
  endfacet
  facet normal 0.998423 0.0561463 0
    outer loop
      vertex -42.7 0 0
      vertex -42.683 -0.302303 0.2
      vertex -42.683 -0.302303 0
    endloop
  endfacet
  facet normal -0.167483 0.985875 0
    outer loop
      vertex -39.3992 -2.63231 0
      vertex -39.6977 -2.68302 0.2
      vertex -39.3992 -2.63231 0.2
    endloop
  endfacet
  facet normal -0.167483 0.985875 0
    outer loop
      vertex -39.6977 -2.68302 0.2
      vertex -39.3992 -2.63231 0
      vertex -39.6977 -2.68302 0
    endloop
  endfacet
  facet normal -0.666278 0.745703 0
    outer loop
      vertex -38.0908 -1.90919 0
      vertex -38.3166 -2.11094 0.2
      vertex -38.0908 -1.90919 0.2
    endloop
  endfacet
  facet normal -0.666278 0.745703 0
    outer loop
      vertex -38.3166 -2.11094 0.2
      vertex -38.0908 -1.90919 0
      vertex -38.3166 -2.11094 0
    endloop
  endfacet
  facet normal -0.483743 0.87521 0
    outer loop
      vertex -38.5635 -2.28615 0
      vertex -38.8285 -2.43262 0.2
      vertex -38.5635 -2.28615 0.2
    endloop
  endfacet
  facet normal -0.483743 0.87521 0
    outer loop
      vertex -38.8285 -2.43262 0.2
      vertex -38.5635 -2.28615 0
      vertex -38.8285 -2.43262 0
    endloop
  endfacet
  facet normal -0.815415 0.578877 0
    outer loop
      vertex -37.8891 -1.68342 0
      vertex -37.7138 -1.43649 0.2
      vertex -37.7138 -1.43649 0
    endloop
  endfacet
  facet normal -0.815415 0.578877 0
    outer loop
      vertex -37.7138 -1.43649 0.2
      vertex -37.8891 -1.68342 0
      vertex -37.8891 -1.68342 0.2
    endloop
  endfacet
  facet normal -0.985881 0.167449 0
    outer loop
      vertex -37.3677 -0.600806 0
      vertex -37.317 -0.302303 0.2
      vertex -37.317 -0.302303 0
    endloop
  endfacet
  facet normal -0.985881 0.167449 0
    outer loop
      vertex -37.317 -0.302303 0.2
      vertex -37.3677 -0.600806 0
      vertex -37.3677 -0.600806 0.2
    endloop
  endfacet
  facet normal -0.960935 0.276773 0
    outer loop
      vertex -37.4515 -0.891753 0
      vertex -37.3677 -0.600806 0.2
      vertex -37.3677 -0.600806 0
    endloop
  endfacet
  facet normal -0.960935 0.276773 0
    outer loop
      vertex -37.3677 -0.600806 0.2
      vertex -37.4515 -0.891753 0
      vertex -37.4515 -0.891753 0.2
    endloop
  endfacet
  facet normal -0.998423 0.0561463 0
    outer loop
      vertex -37.317 -0.302303 0
      vertex -37.3 0 0.2
      vertex -37.3 0 0
    endloop
  endfacet
  facet normal -0.998423 0.0561463 0
    outer loop
      vertex -37.3 0 0.2
      vertex -37.317 -0.302303 0
      vertex -37.317 -0.302303 0.2
    endloop
  endfacet
  facet normal 0.578726 0.815522 -0
    outer loop
      vertex -41.4365 -2.28615 0
      vertex -41.6834 -2.11094 0.2
      vertex -41.4365 -2.28615 0.2
    endloop
  endfacet
  facet normal 0.578726 0.815522 0
    outer loop
      vertex -41.6834 -2.11094 0.2
      vertex -41.4365 -2.28615 0
      vertex -41.6834 -2.11094 0
    endloop
  endfacet
  facet normal 0.875308 0.483566 0
    outer loop
      vertex -42.2862 -1.43649 0.2
      vertex -42.4326 -1.17149 0
      vertex -42.4326 -1.17149 0.2
    endloop
  endfacet
  facet normal 0.875308 0.483566 0
    outer loop
      vertex -42.4326 -1.17149 0
      vertex -42.2862 -1.43649 0.2
      vertex -42.2862 -1.43649 0
    endloop
  endfacet
  facet normal 0.985881 0.167449 0
    outer loop
      vertex -42.6323 -0.600806 0.2
      vertex -42.683 -0.302303 0
      vertex -42.683 -0.302303 0.2
    endloop
  endfacet
  facet normal 0.985881 0.167449 0
    outer loop
      vertex -42.683 -0.302303 0
      vertex -42.6323 -0.600806 0.2
      vertex -42.6323 -0.600806 0
    endloop
  endfacet
  facet normal 0.773339 0.035943 0.632974
    outer loop
      vertex -44.9835 -0.00215157 2.99
      vertex -42.7 0 0.2
      vertex -44.9836 0 2.99
    endloop
  endfacet
  facet normal 0.773104 0.0434755 0.632787
    outer loop
      vertex -42.7 0 0.2
      vertex -44.9835 -0.00215157 2.99
      vertex -42.683 -0.302303 0.2
    endloop
  endfacet
  facet normal -0.77311 -0.0433958 0.632786
    outer loop
      vertex -35.0164 0 2.99
      vertex -35.0476 0.555838 2.99
      vertex -37.3 0 0.2
    endloop
  endfacet
  facet normal -0.773666 -0.0359677 0.632572
    outer loop
      vertex -37.317 0.302303 0.2
      vertex -35.0476 0.555838 2.99
      vertex -35.0477 0.557989 2.99
    endloop
  endfacet
  facet normal -0.773099 -0.0434752 0.632793
    outer loop
      vertex -35.0476 0.555838 2.99
      vertex -37.317 0.302303 0.2
      vertex -37.3 0 0.2
    endloop
  endfacet
  facet normal -0.773099 0.0434752 0.632793
    outer loop
      vertex -37.317 -0.302303 0.2
      vertex -35.0476 -0.555838 2.99
      vertex -37.3 0 0.2
    endloop
  endfacet
  facet normal -0.773666 0.0359677 0.632572
    outer loop
      vertex -35.0476 -0.555838 2.99
      vertex -37.317 -0.302303 0.2
      vertex -35.0477 -0.557989 2.99
    endloop
  endfacet
  facet normal -0.577412 0.515916 0.632792
    outer loop
      vertex -36.476 -3.52396 2.99
      vertex -36.1051 -3.10885 2.99
      vertex -38.0908 -1.90919 0.2
    endloop
  endfacet
  facet normal 0.0434248 -0.773104 0.632791
    outer loop
      vertex -40 2.7 0.2
      vertex -40.0022 4.98351 2.99
      vertex -40.3023 2.68302 0.2
    endloop
  endfacet
  facet normal 0.0421716 -0.773146 0.632824
    outer loop
      vertex -40.0022 4.98351 2.99
      vertex -40 2.7 0.2
      vertex -40 4.98363 2.99
    endloop
  endfacet
  facet normal -0.0434248 0.773104 0.632791
    outer loop
      vertex -40 -2.7 0.2
      vertex -39.9978 -4.98351 2.99
      vertex -39.6977 -2.68302 0.2
    endloop
  endfacet
  facet normal -0.0421716 0.773146 0.632824
    outer loop
      vertex -39.9978 -4.98351 2.99
      vertex -40 -2.7 0.2
      vertex -40 -4.98363 2.99
    endloop
  endfacet
  facet normal 0.715354 0.296384 0.632791
    outer loop
      vertex -44.4909 -2.16032 2.99
      vertex -42.4326 -1.17149 0.2
      vertex -42.5485 -0.891753 0.2
    endloop
  endfacet
  facet normal 0.719157 0.287663 0.632506
    outer loop
      vertex -42.4326 -1.17149 0.2
      vertex -44.4909 -2.16032 2.99
      vertex -44.4901 -2.16232 2.99
    endloop
  endfacet
  facet normal 0.515901 0.577426 0.632791
    outer loop
      vertex -43.1088 -3.89492 2.99
      vertex -41.9092 -1.90919 0.2
      vertex -43.524 -3.52396 2.99
    endloop
  endfacet
  facet normal -0.744066 0.214335 0.632793
    outer loop
      vertex -35.296 -1.64599 2.99
      vertex -35.1419 -1.11103 2.99
      vertex -37.4515 -0.891753 0.2
    endloop
  endfacet
  facet normal 0.715352 0.296389 0.632792
    outer loop
      vertex -44.4909 -2.16032 2.99
      vertex -42.5485 -0.891753 0.2
      vertex -44.704 -1.64599 2.99
    endloop
  endfacet
  facet normal -0.76337 0.129766 0.632794
    outer loop
      vertex -35.141 -1.10684 2.99
      vertex -35.0477 -0.557989 2.99
      vertex -37.317 -0.302303 0.2
    endloop
  endfacet
  facet normal -0.77311 0.0433958 0.632786
    outer loop
      vertex -35.0476 -0.555838 2.99
      vertex -35.0164 0 2.99
      vertex -37.3 0 0.2
    endloop
  endfacet
  facet normal -0.74407 0.214311 0.632796
    outer loop
      vertex -37.4515 -0.891753 0.2
      vertex -35.1413 -1.10896 2.99
      vertex -37.3677 -0.600806 0.2
    endloop
  endfacet
  facet normal -0.743802 0.215595 0.632674
    outer loop
      vertex -35.1413 -1.10896 2.99
      vertex -37.4515 -0.891753 0.2
      vertex -35.1419 -1.11103 2.99
    endloop
  endfacet
  facet normal -0.715354 0.296384 0.632791
    outer loop
      vertex -37.5674 -1.17149 0.2
      vertex -35.5091 -2.16032 2.99
      vertex -37.4515 -0.891753 0.2
    endloop
  endfacet
  facet normal -0.719157 0.287663 0.632506
    outer loop
      vertex -35.5091 -2.16032 2.99
      vertex -37.5674 -1.17149 0.2
      vertex -35.5099 -2.16232 2.99
    endloop
  endfacet
  facet normal -0.623153 0.460283 0.632313
    outer loop
      vertex -37.7138 -1.43649 0.2
      vertex -35.7815 -2.65321 2.99
      vertex -35.7802 -2.65145 2.99
    endloop
  endfacet
  facet normal -0.631403 0.448244 0.632777
    outer loop
      vertex -35.7815 -2.65321 2.99
      vertex -37.7138 -1.43649 0.2
      vertex -37.8891 -1.68342 0.2
    endloop
  endfacet
  facet normal -0.677697 0.374566 0.632793
    outer loop
      vertex -35.7792 -2.64956 2.99
      vertex -35.5099 -2.16232 2.99
      vertex -37.5674 -1.17149 0.2
    endloop
  endfacet
  facet normal -0.715352 0.296389 0.632792
    outer loop
      vertex -35.5091 -2.16032 2.99
      vertex -35.296 -1.64599 2.99
      vertex -37.4515 -0.891753 0.2
    endloop
  endfacet
  facet normal -0.296345 0.715372 0.632789
    outer loop
      vertex -38.354 -4.70397 2.99
      vertex -37.8397 -4.49092 2.99
      vertex -39.1082 -2.54848 0.2
    endloop
  endfacet
  facet normal 0.744066 0.214335 0.632793
    outer loop
      vertex -44.704 -1.64599 2.99
      vertex -42.5485 -0.891753 0.2
      vertex -44.8581 -1.11103 2.99
    endloop
  endfacet
  facet normal 0.374533 0.677719 0.632789
    outer loop
      vertex -42.1623 -4.4901 2.99
      vertex -41.1715 -2.43262 0.2
      vertex -42.6496 -4.2208 2.99
    endloop
  endfacet
  facet normal 0.214334 0.744069 0.63279
    outer loop
      vertex -41.111 -4.85808 2.99
      vertex -40.8918 -2.54848 0.2
      vertex -41.646 -4.70397 2.99
    endloop
  endfacet
  facet normal 0.515915 0.577416 0.63279
    outer loop
      vertex -43.1088 -3.89492 2.99
      vertex -41.6834 -2.11094 0.2
      vertex -41.9092 -1.90919 0.2
    endloop
  endfacet
  facet normal 0.518038 0.575598 0.632712
    outer loop
      vertex -41.6834 -2.11094 0.2
      vertex -43.1088 -3.89492 2.99
      vertex -43.1072 -3.89636 2.99
    endloop
  endfacet
  facet normal 0.631535 0.448026 0.632801
    outer loop
      vertex -43.8964 -3.10724 2.99
      vertex -42.1109 -1.68342 0.2
      vertex -44.2185 -2.65321 2.99
    endloop
  endfacet
  facet normal -0.677697 -0.374566 0.632793
    outer loop
      vertex -35.5099 2.16232 2.99
      vertex -35.7792 2.64956 2.99
      vertex -37.5674 1.17149 0.2
    endloop
  endfacet
  facet normal 0.515901 -0.577426 0.632791
    outer loop
      vertex -41.9092 1.90919 0.2
      vertex -43.1088 3.89492 2.99
      vertex -43.524 3.52396 2.99
    endloop
  endfacet
  facet normal -0.763396 0.129661 0.632784
    outer loop
      vertex -37.3677 -0.600806 0.2
      vertex -35.141 -1.10684 2.99
      vertex -37.317 -0.302303 0.2
    endloop
  endfacet
  facet normal -0.767277 0.108577 0.632057
    outer loop
      vertex -35.141 -1.10684 2.99
      vertex -37.3677 -0.600806 0.2
      vertex -35.1413 -1.10896 2.99
    endloop
  endfacet
  facet normal -0.631535 0.448026 0.632801
    outer loop
      vertex -36.1036 -3.10724 2.99
      vertex -35.7815 -2.65321 2.99
      vertex -37.8891 -1.68342 0.2
    endloop
  endfacet
  facet normal -0.566848 0.528119 0.632277
    outer loop
      vertex -37.8891 -1.68342 0.2
      vertex -36.1051 -3.10885 2.99
      vertex -36.1036 -3.10724 2.99
    endloop
  endfacet
  facet normal -0.577441 0.515878 0.632797
    outer loop
      vertex -36.1051 -3.10885 2.99
      vertex -37.8891 -1.68342 0.2
      vertex -38.0908 -1.90919 0.2
    endloop
  endfacet
  facet normal -0.677779 0.374441 0.632779
    outer loop
      vertex -37.7138 -1.43649 0.2
      vertex -35.7792 -2.64956 2.99
      vertex -37.5674 -1.17149 0.2
    endloop
  endfacet
  facet normal -0.684753 0.362303 0.632337
    outer loop
      vertex -35.7792 -2.64956 2.99
      vertex -37.7138 -1.43649 0.2
      vertex -35.7802 -2.65145 2.99
    endloop
  endfacet
  facet normal -0.371822 0.67929 0.632704
    outer loop
      vertex -38.5635 -2.28615 0.2
      vertex -37.3504 -4.2208 2.99
      vertex -37.3485 -4.21976 2.99
    endloop
  endfacet
  facet normal -0.374573 0.677693 0.632793
    outer loop
      vertex -37.3504 -4.2208 2.99
      vertex -38.5635 -2.28615 0.2
      vertex -38.8285 -2.43262 0.2
    endloop
  endfacet
  facet normal -0.214334 0.744069 0.63279
    outer loop
      vertex -38.889 -4.85808 2.99
      vertex -38.354 -4.70397 2.99
      vertex -39.1082 -2.54848 0.2
    endloop
  endfacet
  facet normal -0.22269 0.742299 0.631982
    outer loop
      vertex -39.1082 -2.54848 0.2
      vertex -38.891 -4.85868 2.99
      vertex -38.889 -4.85808 2.99
    endloop
  endfacet
  facet normal -0.214346 0.744063 0.632792
    outer loop
      vertex -38.891 -4.85868 2.99
      vertex -39.1082 -2.54848 0.2
      vertex -39.3992 -2.63231 0.2
    endloop
  endfacet
  facet normal 0.76337 0.129766 0.632794
    outer loop
      vertex -44.859 -1.10684 2.99
      vertex -42.683 -0.302303 0.2
      vertex -44.9523 -0.557989 2.99
    endloop
  endfacet
  facet normal 0.773103 0.0433954 0.632795
    outer loop
      vertex -44.9523 -0.557989 2.99
      vertex -42.683 -0.302303 0.2
      vertex -44.9835 -0.00215157 2.99
    endloop
  endfacet
  facet normal 0.448097 0.631495 0.63279
    outer loop
      vertex -42.6532 -4.21851 2.99
      vertex -41.6834 -2.11094 0.2
      vertex -43.1072 -3.89636 2.99
    endloop
  endfacet
  facet normal 0.0434263 0.773104 0.632791
    outer loop
      vertex -40.0022 -4.98351 2.99
      vertex -40.3023 -2.68302 0.2
      vertex -40.558 -4.95229 2.99
    endloop
  endfacet
  facet normal 0.448123 0.631479 0.632787
    outer loop
      vertex -42.6532 -4.21851 2.99
      vertex -41.4365 -2.28615 0.2
      vertex -41.6834 -2.11094 0.2
    endloop
  endfacet
  facet normal 0.4589 0.624105 0.63238
    outer loop
      vertex -41.4365 -2.28615 0.2
      vertex -42.6532 -4.21851 2.99
      vertex -42.6515 -4.21976 2.99
    endloop
  endfacet
  facet normal 0.296345 0.715372 0.632789
    outer loop
      vertex -41.646 -4.70397 2.99
      vertex -40.8918 -2.54848 0.2
      vertex -42.1603 -4.49092 2.99
    endloop
  endfacet
  facet normal 0.374573 0.677693 0.632793
    outer loop
      vertex -41.4365 -2.28615 0.2
      vertex -42.6496 -4.2208 2.99
      vertex -41.1715 -2.43262 0.2
    endloop
  endfacet
  facet normal 0.371822 0.67929 0.632704
    outer loop
      vertex -42.6496 -4.2208 2.99
      vertex -41.4365 -2.28615 0.2
      vertex -42.6515 -4.21976 2.99
    endloop
  endfacet
  facet normal 0.631403 0.448244 0.632777
    outer loop
      vertex -42.2862 -1.43649 0.2
      vertex -44.2185 -2.65321 2.99
      vertex -42.1109 -1.68342 0.2
    endloop
  endfacet
  facet normal 0.623153 0.460283 0.632313
    outer loop
      vertex -44.2185 -2.65321 2.99
      vertex -42.2862 -1.43649 0.2
      vertex -44.2198 -2.65145 2.99
    endloop
  endfacet
  facet normal 0.577412 0.515916 0.632792
    outer loop
      vertex -43.524 -3.52396 2.99
      vertex -41.9092 -1.90919 0.2
      vertex -43.8949 -3.10885 2.99
    endloop
  endfacet
  facet normal 0.214334 -0.744069 0.63279
    outer loop
      vertex -40.8918 2.54848 0.2
      vertex -41.111 4.85808 2.99
      vertex -41.646 4.70397 2.99
    endloop
  endfacet
  facet normal 0.22269 -0.742299 0.631982
    outer loop
      vertex -40.8918 2.54848 0.2
      vertex -41.109 4.85868 2.99
      vertex -41.111 4.85808 2.99
    endloop
  endfacet
  facet normal 0.214346 -0.744063 0.632792
    outer loop
      vertex -41.109 4.85868 2.99
      vertex -40.8918 2.54848 0.2
      vertex -40.6008 2.63231 0.2
    endloop
  endfacet
  facet normal 0.631403 -0.448244 0.632777
    outer loop
      vertex -44.2185 2.65321 2.99
      vertex -42.2862 1.43649 0.2
      vertex -42.1109 1.68342 0.2
    endloop
  endfacet
  facet normal 0.623153 -0.460283 0.632313
    outer loop
      vertex -42.2862 1.43649 0.2
      vertex -44.2185 2.65321 2.99
      vertex -44.2198 2.65145 2.99
    endloop
  endfacet
  facet normal 0.744066 -0.214335 0.632793
    outer loop
      vertex -42.5485 0.891753 0.2
      vertex -44.704 1.64599 2.99
      vertex -44.8581 1.11103 2.99
    endloop
  endfacet
  facet normal 0.577412 -0.515916 0.632792
    outer loop
      vertex -41.9092 1.90919 0.2
      vertex -43.524 3.52396 2.99
      vertex -43.8949 3.10885 2.99
    endloop
  endfacet
  facet normal 0.371822 -0.67929 0.632704
    outer loop
      vertex -41.4365 2.28615 0.2
      vertex -42.6496 4.2208 2.99
      vertex -42.6515 4.21976 2.99
    endloop
  endfacet
  facet normal 0.374573 -0.677693 0.632793
    outer loop
      vertex -42.6496 4.2208 2.99
      vertex -41.4365 2.28615 0.2
      vertex -41.1715 2.43262 0.2
    endloop
  endfacet
  facet normal -0.129711 0.763381 0.632791
    outer loop
      vertex -39.442 -4.95229 2.99
      vertex -38.8932 -4.85904 2.99
      vertex -39.6977 -2.68302 0.2
    endloop
  endfacet
  facet normal -0.0434263 0.773104 0.632791
    outer loop
      vertex -39.442 -4.95229 2.99
      vertex -39.6977 -2.68302 0.2
      vertex -39.9978 -4.98351 2.99
    endloop
  endfacet
  facet normal -0.293767 0.716505 0.632709
    outer loop
      vertex -38.8285 -2.43262 0.2
      vertex -37.8397 -4.49092 2.99
      vertex -37.8377 -4.4901 2.99
    endloop
  endfacet
  facet normal -0.296331 0.715379 0.632788
    outer loop
      vertex -37.8397 -4.49092 2.99
      vertex -38.8285 -2.43262 0.2
      vertex -39.1082 -2.54848 0.2
    endloop
  endfacet
  facet normal -0.374533 0.677719 0.632789
    outer loop
      vertex -37.8377 -4.4901 2.99
      vertex -37.3504 -4.2208 2.99
      vertex -38.8285 -2.43262 0.2
    endloop
  endfacet
  facet normal -0.448097 0.631495 0.63279
    outer loop
      vertex -37.3468 -4.21851 2.99
      vertex -36.8928 -3.89636 2.99
      vertex -38.3166 -2.11094 0.2
    endloop
  endfacet
  facet normal 0.74407 0.214311 0.632796
    outer loop
      vertex -44.8587 -1.10896 2.99
      vertex -42.5485 -0.891753 0.2
      vertex -42.6323 -0.600806 0.2
    endloop
  endfacet
  facet normal 0.743802 0.215595 0.632674
    outer loop
      vertex -42.5485 -0.891753 0.2
      vertex -44.8587 -1.10896 2.99
      vertex -44.8581 -1.11103 2.99
    endloop
  endfacet
  facet normal 0.763396 0.129661 0.632784
    outer loop
      vertex -44.859 -1.10684 2.99
      vertex -42.6323 -0.600806 0.2
      vertex -42.683 -0.302303 0.2
    endloop
  endfacet
  facet normal 0.767277 0.108577 0.632057
    outer loop
      vertex -42.6323 -0.600806 0.2
      vertex -44.859 -1.10684 2.99
      vertex -44.8587 -1.10896 2.99
    endloop
  endfacet
  facet normal 0.214346 0.744063 0.632792
    outer loop
      vertex -40.8918 -2.54848 0.2
      vertex -41.109 -4.85868 2.99
      vertex -40.6008 -2.63231 0.2
    endloop
  endfacet
  facet normal 0.22269 0.742299 0.631982
    outer loop
      vertex -41.109 -4.85868 2.99
      vertex -40.8918 -2.54848 0.2
      vertex -41.111 -4.85808 2.99
    endloop
  endfacet
  facet normal 0.129711 0.763381 0.632791
    outer loop
      vertex -40.558 -4.95229 2.99
      vertex -40.3023 -2.68302 0.2
      vertex -41.1068 -4.85904 2.99
    endloop
  endfacet
  facet normal 0.129686 0.763388 0.632788
    outer loop
      vertex -40.6008 -2.63231 0.2
      vertex -41.1068 -4.85904 2.99
      vertex -40.3023 -2.68302 0.2
    endloop
  endfacet
  facet normal 0.125062 0.76427 0.632654
    outer loop
      vertex -41.1068 -4.85904 2.99
      vertex -40.6008 -2.63231 0.2
      vertex -41.109 -4.85868 2.99
    endloop
  endfacet
  facet normal 0.296331 0.715379 0.632788
    outer loop
      vertex -41.1715 -2.43262 0.2
      vertex -42.1603 -4.49092 2.99
      vertex -40.8918 -2.54848 0.2
    endloop
  endfacet
  facet normal 0.293767 0.716505 0.632709
    outer loop
      vertex -42.1603 -4.49092 2.99
      vertex -41.1715 -2.43262 0.2
      vertex -42.1623 -4.4901 2.99
    endloop
  endfacet
  facet normal 0.677779 0.374441 0.632779
    outer loop
      vertex -44.2208 -2.64956 2.99
      vertex -42.2862 -1.43649 0.2
      vertex -42.4326 -1.17149 0.2
    endloop
  endfacet
  facet normal 0.684753 0.362303 0.632337
    outer loop
      vertex -42.2862 -1.43649 0.2
      vertex -44.2208 -2.64956 2.99
      vertex -44.2198 -2.65145 2.99
    endloop
  endfacet
  facet normal 0.677697 0.374566 0.632793
    outer loop
      vertex -44.2208 -2.64956 2.99
      vertex -42.4326 -1.17149 0.2
      vertex -44.4901 -2.16232 2.99
    endloop
  endfacet
  facet normal 0.577441 0.515878 0.632797
    outer loop
      vertex -42.1109 -1.68342 0.2
      vertex -43.8949 -3.10885 2.99
      vertex -41.9092 -1.90919 0.2
    endloop
  endfacet
  facet normal 0.566848 0.528119 0.632277
    outer loop
      vertex -43.8949 -3.10885 2.99
      vertex -42.1109 -1.68342 0.2
      vertex -43.8964 -3.10724 2.99
    endloop
  endfacet
  facet normal -0.518038 -0.575598 0.632712
    outer loop
      vertex -38.3166 2.11094 0.2
      vertex -36.8912 3.89492 2.99
      vertex -36.8928 3.89636 2.99
    endloop
  endfacet
  facet normal -0.515915 -0.577416 0.63279
    outer loop
      vertex -36.8912 3.89492 2.99
      vertex -38.3166 2.11094 0.2
      vertex -38.0908 1.90919 0.2
    endloop
  endfacet
  facet normal -0.214334 -0.744069 0.63279
    outer loop
      vertex -38.354 4.70397 2.99
      vertex -38.889 4.85808 2.99
      vertex -39.1082 2.54848 0.2
    endloop
  endfacet
  facet normal -0.719157 -0.287663 0.632506
    outer loop
      vertex -37.5674 1.17149 0.2
      vertex -35.5091 2.16032 2.99
      vertex -35.5099 2.16232 2.99
    endloop
  endfacet
  facet normal -0.715354 -0.296384 0.632791
    outer loop
      vertex -35.5091 2.16032 2.99
      vertex -37.5674 1.17149 0.2
      vertex -37.4515 0.891753 0.2
    endloop
  endfacet
  facet normal -0.566848 -0.528119 0.632277
    outer loop
      vertex -36.1051 3.10885 2.99
      vertex -37.8891 1.68342 0.2
      vertex -36.1036 3.10724 2.99
    endloop
  endfacet
  facet normal -0.577441 -0.515878 0.632797
    outer loop
      vertex -37.8891 1.68342 0.2
      vertex -36.1051 3.10885 2.99
      vertex -38.0908 1.90919 0.2
    endloop
  endfacet
  facet normal -0.76337 -0.129766 0.632794
    outer loop
      vertex -35.0477 0.557989 2.99
      vertex -35.141 1.10684 2.99
      vertex -37.317 0.302303 0.2
    endloop
  endfacet
  facet normal 0.129711 -0.763381 0.632791
    outer loop
      vertex -40.3023 2.68302 0.2
      vertex -40.558 4.95229 2.99
      vertex -41.1068 4.85904 2.99
    endloop
  endfacet
  facet normal 0.0434263 -0.773104 0.632791
    outer loop
      vertex -40.3023 2.68302 0.2
      vertex -40.0022 4.98351 2.99
      vertex -40.558 4.95229 2.99
    endloop
  endfacet
  facet normal 0.577441 -0.515878 0.632797
    outer loop
      vertex -43.8949 3.10885 2.99
      vertex -42.1109 1.68342 0.2
      vertex -41.9092 1.90919 0.2
    endloop
  endfacet
  facet normal 0.566848 -0.528119 0.632277
    outer loop
      vertex -42.1109 1.68342 0.2
      vertex -43.8949 3.10885 2.99
      vertex -43.8964 3.10724 2.99
    endloop
  endfacet
  facet normal 0.631535 -0.448026 0.632801
    outer loop
      vertex -42.1109 1.68342 0.2
      vertex -43.8964 3.10724 2.99
      vertex -44.2185 2.65321 2.99
    endloop
  endfacet
  facet normal 0.773103 -0.0433954 0.632795
    outer loop
      vertex -42.683 0.302303 0.2
      vertex -44.9523 0.557989 2.99
      vertex -44.9835 0.00215157 2.99
    endloop
  endfacet
  facet normal 0.715352 -0.296389 0.632792
    outer loop
      vertex -42.5485 0.891753 0.2
      vertex -44.4909 2.16032 2.99
      vertex -44.704 1.64599 2.99
    endloop
  endfacet
  facet normal 0.684753 -0.362303 0.632337
    outer loop
      vertex -44.2208 2.64956 2.99
      vertex -42.2862 1.43649 0.2
      vertex -44.2198 2.65145 2.99
    endloop
  endfacet
  facet normal 0.677779 -0.374441 0.632779
    outer loop
      vertex -42.2862 1.43649 0.2
      vertex -44.2208 2.64956 2.99
      vertex -42.4326 1.17149 0.2
    endloop
  endfacet
  facet normal 0.296345 -0.715372 0.632789
    outer loop
      vertex -40.8918 2.54848 0.2
      vertex -41.646 4.70397 2.99
      vertex -42.1603 4.49092 2.99
    endloop
  endfacet
  facet normal 0.518038 -0.575598 0.632712
    outer loop
      vertex -43.1088 3.89492 2.99
      vertex -41.6834 2.11094 0.2
      vertex -43.1072 3.89636 2.99
    endloop
  endfacet
  facet normal 0.515915 -0.577416 0.63279
    outer loop
      vertex -41.6834 2.11094 0.2
      vertex -43.1088 3.89492 2.99
      vertex -41.9092 1.90919 0.2
    endloop
  endfacet
  facet normal 0.448097 -0.631495 0.63279
    outer loop
      vertex -41.6834 2.11094 0.2
      vertex -42.6532 4.21851 2.99
      vertex -43.1072 3.89636 2.99
    endloop
  endfacet
  facet normal -0.125062 0.76427 0.632654
    outer loop
      vertex -39.3992 -2.63231 0.2
      vertex -38.8932 -4.85904 2.99
      vertex -38.891 -4.85868 2.99
    endloop
  endfacet
  facet normal -0.129686 0.763388 0.632788
    outer loop
      vertex -38.8932 -4.85904 2.99
      vertex -39.3992 -2.63231 0.2
      vertex -39.6977 -2.68302 0.2
    endloop
  endfacet
  facet normal -0.515915 0.577416 0.63279
    outer loop
      vertex -38.3166 -2.11094 0.2
      vertex -36.8912 -3.89492 2.99
      vertex -38.0908 -1.90919 0.2
    endloop
  endfacet
  facet normal -0.518038 0.575598 0.632712
    outer loop
      vertex -36.8912 -3.89492 2.99
      vertex -38.3166 -2.11094 0.2
      vertex -36.8928 -3.89636 2.99
    endloop
  endfacet
  facet normal -0.515901 0.577426 0.632791
    outer loop
      vertex -36.8912 -3.89492 2.99
      vertex -36.476 -3.52396 2.99
      vertex -38.0908 -1.90919 0.2
    endloop
  endfacet
  facet normal -0.448123 0.631479 0.632787
    outer loop
      vertex -38.5635 -2.28615 0.2
      vertex -37.3468 -4.21851 2.99
      vertex -38.3166 -2.11094 0.2
    endloop
  endfacet
  facet normal -0.4589 0.624105 0.63238
    outer loop
      vertex -37.3468 -4.21851 2.99
      vertex -38.5635 -2.28615 0.2
      vertex -37.3485 -4.21976 2.99
    endloop
  endfacet
  facet normal 0.0421716 0.773146 0.632824
    outer loop
      vertex -40 -2.7 0.2
      vertex -40.0022 -4.98351 2.99
      vertex -40 -4.98363 2.99
    endloop
  endfacet
  facet normal 0.0434248 0.773104 0.632791
    outer loop
      vertex -40.0022 -4.98351 2.99
      vertex -40 -2.7 0.2
      vertex -40.3023 -2.68302 0.2
    endloop
  endfacet
  facet normal -0.515901 -0.577426 0.632791
    outer loop
      vertex -36.476 3.52396 2.99
      vertex -36.8912 3.89492 2.99
      vertex -38.0908 1.90919 0.2
    endloop
  endfacet
  facet normal -0.374533 -0.677719 0.632789
    outer loop
      vertex -37.3504 4.2208 2.99
      vertex -37.8377 4.4901 2.99
      vertex -38.8285 2.43262 0.2
    endloop
  endfacet
  facet normal -0.214346 -0.744063 0.632792
    outer loop
      vertex -39.1082 2.54848 0.2
      vertex -38.891 4.85868 2.99
      vertex -39.3992 2.63231 0.2
    endloop
  endfacet
  facet normal -0.22269 -0.742299 0.631982
    outer loop
      vertex -38.891 4.85868 2.99
      vertex -39.1082 2.54848 0.2
      vertex -38.889 4.85808 2.99
    endloop
  endfacet
  facet normal -0.296345 -0.715372 0.632789
    outer loop
      vertex -37.8397 4.49092 2.99
      vertex -38.354 4.70397 2.99
      vertex -39.1082 2.54848 0.2
    endloop
  endfacet
  facet normal -0.374573 -0.677693 0.632793
    outer loop
      vertex -38.5635 2.28615 0.2
      vertex -37.3504 4.2208 2.99
      vertex -38.8285 2.43262 0.2
    endloop
  endfacet
  facet normal -0.371822 -0.67929 0.632704
    outer loop
      vertex -37.3504 4.2208 2.99
      vertex -38.5635 2.28615 0.2
      vertex -37.3485 4.21976 2.99
    endloop
  endfacet
  facet normal -0.577412 -0.515916 0.632792
    outer loop
      vertex -36.1051 3.10885 2.99
      vertex -36.476 3.52396 2.99
      vertex -38.0908 1.90919 0.2
    endloop
  endfacet
  facet normal -0.623153 -0.460283 0.632313
    outer loop
      vertex -35.7815 2.65321 2.99
      vertex -37.7138 1.43649 0.2
      vertex -35.7802 2.65145 2.99
    endloop
  endfacet
  facet normal -0.631403 -0.448244 0.632777
    outer loop
      vertex -37.7138 1.43649 0.2
      vertex -35.7815 2.65321 2.99
      vertex -37.8891 1.68342 0.2
    endloop
  endfacet
  facet normal -0.715352 -0.296389 0.632792
    outer loop
      vertex -35.296 1.64599 2.99
      vertex -35.5091 2.16032 2.99
      vertex -37.4515 0.891753 0.2
    endloop
  endfacet
  facet normal 0.125062 -0.76427 0.632654
    outer loop
      vertex -40.6008 2.63231 0.2
      vertex -41.1068 4.85904 2.99
      vertex -41.109 4.85868 2.99
    endloop
  endfacet
  facet normal 0.129686 -0.763388 0.632788
    outer loop
      vertex -41.1068 4.85904 2.99
      vertex -40.6008 2.63231 0.2
      vertex -40.3023 2.68302 0.2
    endloop
  endfacet
  facet normal 0.743802 -0.215595 0.632674
    outer loop
      vertex -44.8587 1.10896 2.99
      vertex -42.5485 0.891753 0.2
      vertex -44.8581 1.11103 2.99
    endloop
  endfacet
  facet normal 0.74407 -0.214311 0.632796
    outer loop
      vertex -42.5485 0.891753 0.2
      vertex -44.8587 1.10896 2.99
      vertex -42.6323 0.600806 0.2
    endloop
  endfacet
  facet normal 0.76337 -0.129766 0.632794
    outer loop
      vertex -42.683 0.302303 0.2
      vertex -44.859 1.10684 2.99
      vertex -44.9523 0.557989 2.99
    endloop
  endfacet
  facet normal 0.767277 -0.108577 0.632057
    outer loop
      vertex -44.859 1.10684 2.99
      vertex -42.6323 0.600806 0.2
      vertex -44.8587 1.10896 2.99
    endloop
  endfacet
  facet normal 0.763396 -0.129661 0.632784
    outer loop
      vertex -42.6323 0.600806 0.2
      vertex -44.859 1.10684 2.99
      vertex -42.683 0.302303 0.2
    endloop
  endfacet
  facet normal 0.719157 -0.287663 0.632506
    outer loop
      vertex -44.4909 2.16032 2.99
      vertex -42.4326 1.17149 0.2
      vertex -44.4901 2.16232 2.99
    endloop
  endfacet
  facet normal 0.715354 -0.296384 0.632791
    outer loop
      vertex -42.4326 1.17149 0.2
      vertex -44.4909 2.16032 2.99
      vertex -42.5485 0.891753 0.2
    endloop
  endfacet
  facet normal 0.677697 -0.374566 0.632793
    outer loop
      vertex -42.4326 1.17149 0.2
      vertex -44.2208 2.64956 2.99
      vertex -44.4901 2.16232 2.99
    endloop
  endfacet
  facet normal 0.374533 -0.677719 0.632789
    outer loop
      vertex -41.1715 2.43262 0.2
      vertex -42.1623 4.4901 2.99
      vertex -42.6496 4.2208 2.99
    endloop
  endfacet
  facet normal 0.293767 -0.716505 0.632709
    outer loop
      vertex -41.1715 2.43262 0.2
      vertex -42.1603 4.49092 2.99
      vertex -42.1623 4.4901 2.99
    endloop
  endfacet
  facet normal 0.296331 -0.715379 0.632788
    outer loop
      vertex -42.1603 4.49092 2.99
      vertex -41.1715 2.43262 0.2
      vertex -40.8918 2.54848 0.2
    endloop
  endfacet
  facet normal 0.4589 -0.624105 0.63238
    outer loop
      vertex -42.6532 4.21851 2.99
      vertex -41.4365 2.28615 0.2
      vertex -42.6515 4.21976 2.99
    endloop
  endfacet
  facet normal 0.448123 -0.631479 0.632787
    outer loop
      vertex -41.4365 2.28615 0.2
      vertex -42.6532 4.21851 2.99
      vertex -41.6834 2.11094 0.2
    endloop
  endfacet
  facet normal -0.0434263 -0.773104 0.632791
    outer loop
      vertex -39.6977 2.68302 0.2
      vertex -39.442 4.95229 2.99
      vertex -39.9978 4.98351 2.99
    endloop
  endfacet
  facet normal -0.4589 -0.624105 0.63238
    outer loop
      vertex -38.5635 2.28615 0.2
      vertex -37.3468 4.21851 2.99
      vertex -37.3485 4.21976 2.99
    endloop
  endfacet
  facet normal -0.448123 -0.631479 0.632787
    outer loop
      vertex -37.3468 4.21851 2.99
      vertex -38.5635 2.28615 0.2
      vertex -38.3166 2.11094 0.2
    endloop
  endfacet
  facet normal -0.448097 -0.631495 0.63279
    outer loop
      vertex -36.8928 3.89636 2.99
      vertex -37.3468 4.21851 2.99
      vertex -38.3166 2.11094 0.2
    endloop
  endfacet
  facet normal -0.296331 -0.715379 0.632788
    outer loop
      vertex -38.8285 2.43262 0.2
      vertex -37.8397 4.49092 2.99
      vertex -39.1082 2.54848 0.2
    endloop
  endfacet
  facet normal -0.293767 -0.716505 0.632709
    outer loop
      vertex -37.8397 4.49092 2.99
      vertex -38.8285 2.43262 0.2
      vertex -37.8377 4.4901 2.99
    endloop
  endfacet
  facet normal -0.631535 -0.448026 0.632801
    outer loop
      vertex -35.7815 2.65321 2.99
      vertex -36.1036 3.10724 2.99
      vertex -37.8891 1.68342 0.2
    endloop
  endfacet
  facet normal -0.684753 -0.362303 0.632337
    outer loop
      vertex -37.7138 1.43649 0.2
      vertex -35.7792 2.64956 2.99
      vertex -35.7802 2.65145 2.99
    endloop
  endfacet
  facet normal -0.677779 -0.374441 0.632779
    outer loop
      vertex -35.7792 2.64956 2.99
      vertex -37.7138 1.43649 0.2
      vertex -37.5674 1.17149 0.2
    endloop
  endfacet
  facet normal -0.744066 -0.214335 0.632793
    outer loop
      vertex -35.1419 1.11103 2.99
      vertex -35.296 1.64599 2.99
      vertex -37.4515 0.891753 0.2
    endloop
  endfacet
  facet normal -0.743802 -0.215595 0.632674
    outer loop
      vertex -37.4515 0.891753 0.2
      vertex -35.1413 1.10896 2.99
      vertex -35.1419 1.11103 2.99
    endloop
  endfacet
  facet normal -0.74407 -0.214311 0.632796
    outer loop
      vertex -35.1413 1.10896 2.99
      vertex -37.4515 0.891753 0.2
      vertex -37.3677 0.600806 0.2
    endloop
  endfacet
  facet normal -0.767277 -0.108577 0.632057
    outer loop
      vertex -37.3677 0.600806 0.2
      vertex -35.141 1.10684 2.99
      vertex -35.1413 1.10896 2.99
    endloop
  endfacet
  facet normal -0.763396 -0.129661 0.632784
    outer loop
      vertex -35.141 1.10684 2.99
      vertex -37.3677 0.600806 0.2
      vertex -37.317 0.302303 0.2
    endloop
  endfacet
  facet normal 0.773339 -0.035943 0.632974
    outer loop
      vertex -42.7 0 0.2
      vertex -44.9835 0.00215157 2.99
      vertex -44.9836 0 2.99
    endloop
  endfacet
  facet normal 0.773104 -0.0434755 0.632787
    outer loop
      vertex -44.9835 0.00215157 2.99
      vertex -42.7 0 0.2
      vertex -42.683 0.302303 0.2
    endloop
  endfacet
  facet normal -0.129711 -0.763381 0.632791
    outer loop
      vertex -38.8932 4.85904 2.99
      vertex -39.442 4.95229 2.99
      vertex -39.6977 2.68302 0.2
    endloop
  endfacet
  facet normal -0.129686 -0.763388 0.632788
    outer loop
      vertex -39.3992 2.63231 0.2
      vertex -38.8932 4.85904 2.99
      vertex -39.6977 2.68302 0.2
    endloop
  endfacet
  facet normal -0.125062 -0.76427 0.632654
    outer loop
      vertex -38.8932 4.85904 2.99
      vertex -39.3992 2.63231 0.2
      vertex -38.891 4.85868 2.99
    endloop
  endfacet
  facet normal -0.0421716 -0.773146 0.632824
    outer loop
      vertex -40 2.7 0.2
      vertex -39.9978 4.98351 2.99
      vertex -40 4.98363 2.99
    endloop
  endfacet
  facet normal -0.0434248 -0.773104 0.632791
    outer loop
      vertex -39.9978 4.98351 2.99
      vertex -40 2.7 0.2
      vertex -39.6977 2.68302 0.2
    endloop
  endfacet
  facet normal -0.666278 -0.745703 0
    outer loop
      vertex 41.6834 2.11094 0
      vertex 41.9092 1.90919 0.2
      vertex 41.6834 2.11094 0.2
    endloop
  endfacet
  facet normal -0.666278 -0.745703 -0
    outer loop
      vertex 41.9092 1.90919 0.2
      vertex 41.6834 2.11094 0
      vertex 41.9092 1.90919 0
    endloop
  endfacet
  facet normal 0.276818 0.960922 -0
    outer loop
      vertex 39.3992 -2.63231 0
      vertex 39.1082 -2.54848 0.2
      vertex 39.3992 -2.63231 0.2
    endloop
  endfacet
  facet normal 0.276818 0.960922 0
    outer loop
      vertex 39.1082 -2.54848 0.2
      vertex 39.3992 -2.63231 0
      vertex 39.1082 -2.54848 0
    endloop
  endfacet
  facet normal 0.276818 -0.960922 0
    outer loop
      vertex 39.1082 2.54848 0
      vertex 39.3992 2.63231 0.2
      vertex 39.1082 2.54848 0.2
    endloop
  endfacet
  facet normal 0.276818 -0.960922 0
    outer loop
      vertex 39.3992 2.63231 0.2
      vertex 39.1082 2.54848 0
      vertex 39.3992 2.63231 0
    endloop
  endfacet
  facet normal 0.923846 -0.382766 0
    outer loop
      vertex 37.4515 0.891753 0.2
      vertex 37.5674 1.17149 0
      vertex 37.5674 1.17149 0.2
    endloop
  endfacet
  facet normal 0.923846 -0.382766 0
    outer loop
      vertex 37.5674 1.17149 0
      vertex 37.4515 0.891753 0.2
      vertex 37.4515 0.891753 0
    endloop
  endfacet
  facet normal -0.923846 -0.382766 0
    outer loop
      vertex 42.5485 0.891753 0
      vertex 42.4326 1.17149 0.2
      vertex 42.4326 1.17149 0
    endloop
  endfacet
  facet normal -0.923846 -0.382766 0
    outer loop
      vertex 42.4326 1.17149 0.2
      vertex 42.5485 0.891753 0
      vertex 42.5485 0.891753 0.2
    endloop
  endfacet
  facet normal -0.875308 -0.483566 0
    outer loop
      vertex 42.4326 1.17149 0
      vertex 42.2862 1.43649 0.2
      vertex 42.2862 1.43649 0
    endloop
  endfacet
  facet normal -0.875308 -0.483566 0
    outer loop
      vertex 42.2862 1.43649 0.2
      vertex 42.4326 1.17149 0
      vertex 42.4326 1.17149 0.2
    endloop
  endfacet
  facet normal -0.745741 -0.666236 0
    outer loop
      vertex 42.1109 1.68342 0
      vertex 41.9092 1.90919 0.2
      vertex 41.9092 1.90919 0
    endloop
  endfacet
  facet normal -0.745741 -0.666236 0
    outer loop
      vertex 41.9092 1.90919 0.2
      vertex 42.1109 1.68342 0
      vertex 42.1109 1.68342 0.2
    endloop
  endfacet
  facet normal -0.382696 -0.923874 0
    outer loop
      vertex 40.8918 2.54848 0
      vertex 41.1715 2.43262 0.2
      vertex 40.8918 2.54848 0.2
    endloop
  endfacet
  facet normal -0.382696 -0.923874 -0
    outer loop
      vertex 41.1715 2.43262 0.2
      vertex 40.8918 2.54848 0
      vertex 41.1715 2.43262 0
    endloop
  endfacet
  facet normal -0.167483 -0.985875 0
    outer loop
      vertex 40.3023 2.68302 0
      vertex 40.6008 2.63231 0.2
      vertex 40.3023 2.68302 0.2
    endloop
  endfacet
  facet normal -0.167483 -0.985875 -0
    outer loop
      vertex 40.6008 2.63231 0.2
      vertex 40.3023 2.68302 0
      vertex 40.6008 2.63231 0
    endloop
  endfacet
  facet normal 0.985881 -0.167449 0
    outer loop
      vertex 37.317 0.302303 0.2
      vertex 37.3677 0.600806 0
      vertex 37.3677 0.600806 0.2
    endloop
  endfacet
  facet normal 0.985881 -0.167449 0
    outer loop
      vertex 37.3677 0.600806 0
      vertex 37.317 0.302303 0.2
      vertex 37.317 0.302303 0
    endloop
  endfacet
  facet normal 0.745741 -0.666236 0
    outer loop
      vertex 37.8891 1.68342 0.2
      vertex 38.0908 1.90919 0
      vertex 38.0908 1.90919 0.2
    endloop
  endfacet
  facet normal 0.745741 -0.666236 0
    outer loop
      vertex 38.0908 1.90919 0
      vertex 37.8891 1.68342 0.2
      vertex 37.8891 1.68342 0
    endloop
  endfacet
  facet normal 0.167483 -0.985875 0
    outer loop
      vertex 39.3992 2.63231 0
      vertex 39.6977 2.68302 0.2
      vertex 39.3992 2.63231 0.2
    endloop
  endfacet
  facet normal 0.167483 -0.985875 0
    outer loop
      vertex 39.6977 2.68302 0.2
      vertex 39.3992 2.63231 0
      vertex 39.6977 2.68302 0
    endloop
  endfacet
  facet normal -0.998423 0.0561463 0
    outer loop
      vertex 42.683 -0.302303 0
      vertex 42.7 0 0.2
      vertex 42.7 0 0
    endloop
  endfacet
  facet normal -0.998423 0.0561463 0
    outer loop
      vertex 42.7 0 0.2
      vertex 42.683 -0.302303 0
      vertex 42.683 -0.302303 0.2
    endloop
  endfacet
  facet normal -0.276818 0.960922 0
    outer loop
      vertex 40.8918 -2.54848 0
      vertex 40.6008 -2.63231 0.2
      vertex 40.8918 -2.54848 0.2
    endloop
  endfacet
  facet normal -0.276818 0.960922 0
    outer loop
      vertex 40.6008 -2.63231 0.2
      vertex 40.8918 -2.54848 0
      vertex 40.6008 -2.63231 0
    endloop
  endfacet
  facet normal -0.745741 0.666236 0
    outer loop
      vertex 41.9092 -1.90919 0
      vertex 42.1109 -1.68342 0.2
      vertex 42.1109 -1.68342 0
    endloop
  endfacet
  facet normal -0.745741 0.666236 0
    outer loop
      vertex 42.1109 -1.68342 0.2
      vertex 41.9092 -1.90919 0
      vertex 41.9092 -1.90919 0.2
    endloop
  endfacet
  facet normal 0.167483 0.985875 -0
    outer loop
      vertex 39.6977 -2.68302 0
      vertex 39.3992 -2.63231 0.2
      vertex 39.6977 -2.68302 0.2
    endloop
  endfacet
  facet normal 0.167483 0.985875 0
    outer loop
      vertex 39.3992 -2.63231 0.2
      vertex 39.6977 -2.68302 0
      vertex 39.3992 -2.63231 0
    endloop
  endfacet
  facet normal 0.666278 0.745703 -0
    outer loop
      vertex 38.3166 -2.11094 0
      vertex 38.0908 -1.90919 0.2
      vertex 38.3166 -2.11094 0.2
    endloop
  endfacet
  facet normal 0.666278 0.745703 0
    outer loop
      vertex 38.0908 -1.90919 0.2
      vertex 38.3166 -2.11094 0
      vertex 38.0908 -1.90919 0
    endloop
  endfacet
  facet normal 0.985881 0.167449 0
    outer loop
      vertex 37.3677 -0.600806 0.2
      vertex 37.317 -0.302303 0
      vertex 37.317 -0.302303 0.2
    endloop
  endfacet
  facet normal 0.985881 0.167449 0
    outer loop
      vertex 37.317 -0.302303 0
      vertex 37.3677 -0.600806 0.2
      vertex 37.3677 -0.600806 0
    endloop
  endfacet
  facet normal -0.985881 -0.167449 0
    outer loop
      vertex 42.683 0.302303 0
      vertex 42.6323 0.600806 0.2
      vertex 42.6323 0.600806 0
    endloop
  endfacet
  facet normal -0.985881 -0.167449 0
    outer loop
      vertex 42.6323 0.600806 0.2
      vertex 42.683 0.302303 0
      vertex 42.683 0.302303 0.2
    endloop
  endfacet
  facet normal -0.960935 -0.276773 0
    outer loop
      vertex 42.6323 0.600806 0
      vertex 42.5485 0.891753 0.2
      vertex 42.5485 0.891753 0
    endloop
  endfacet
  facet normal -0.960935 -0.276773 0
    outer loop
      vertex 42.5485 0.891753 0.2
      vertex 42.6323 0.600806 0
      vertex 42.6323 0.600806 0.2
    endloop
  endfacet
  facet normal -0.815415 -0.578877 0
    outer loop
      vertex 42.2862 1.43649 0
      vertex 42.1109 1.68342 0.2
      vertex 42.1109 1.68342 0
    endloop
  endfacet
  facet normal -0.815415 -0.578877 0
    outer loop
      vertex 42.1109 1.68342 0.2
      vertex 42.2862 1.43649 0
      vertex 42.2862 1.43649 0.2
    endloop
  endfacet
  facet normal -0.578726 -0.815522 0
    outer loop
      vertex 41.4365 2.28615 0
      vertex 41.6834 2.11094 0.2
      vertex 41.4365 2.28615 0.2
    endloop
  endfacet
  facet normal -0.578726 -0.815522 -0
    outer loop
      vertex 41.6834 2.11094 0.2
      vertex 41.4365 2.28615 0
      vertex 41.6834 2.11094 0
    endloop
  endfacet
  facet normal -0.056081 -0.998426 0
    outer loop
      vertex 40 2.7 0
      vertex 40.3023 2.68302 0.2
      vertex 40 2.7 0.2
    endloop
  endfacet
  facet normal -0.056081 -0.998426 -0
    outer loop
      vertex 40.3023 2.68302 0.2
      vertex 40 2.7 0
      vertex 40.3023 2.68302 0
    endloop
  endfacet
  facet normal -0.483743 -0.87521 0
    outer loop
      vertex 41.1715 2.43262 0
      vertex 41.4365 2.28615 0.2
      vertex 41.1715 2.43262 0.2
    endloop
  endfacet
  facet normal -0.483743 -0.87521 -0
    outer loop
      vertex 41.4365 2.28615 0.2
      vertex 41.1715 2.43262 0
      vertex 41.4365 2.28615 0
    endloop
  endfacet
  facet normal -0.276818 -0.960922 0
    outer loop
      vertex 40.6008 2.63231 0
      vertex 40.8918 2.54848 0.2
      vertex 40.6008 2.63231 0.2
    endloop
  endfacet
  facet normal -0.276818 -0.960922 -0
    outer loop
      vertex 40.8918 2.54848 0.2
      vertex 40.6008 2.63231 0
      vertex 40.8918 2.54848 0
    endloop
  endfacet
  facet normal 0.998423 -0.0561463 0
    outer loop
      vertex 37.3 0 0.2
      vertex 37.317 0.302303 0
      vertex 37.317 0.302303 0.2
    endloop
  endfacet
  facet normal 0.998423 -0.0561463 0
    outer loop
      vertex 37.317 0.302303 0
      vertex 37.3 0 0.2
      vertex 37.3 0 0
    endloop
  endfacet
  facet normal 0.960935 -0.276773 0
    outer loop
      vertex 37.3677 0.600806 0.2
      vertex 37.4515 0.891753 0
      vertex 37.4515 0.891753 0.2
    endloop
  endfacet
  facet normal 0.960935 -0.276773 0
    outer loop
      vertex 37.4515 0.891753 0
      vertex 37.3677 0.600806 0.2
      vertex 37.3677 0.600806 0
    endloop
  endfacet
  facet normal 0.875308 -0.483566 0
    outer loop
      vertex 37.5674 1.17149 0.2
      vertex 37.7138 1.43649 0
      vertex 37.7138 1.43649 0.2
    endloop
  endfacet
  facet normal 0.875308 -0.483566 0
    outer loop
      vertex 37.7138 1.43649 0
      vertex 37.5674 1.17149 0.2
      vertex 37.5674 1.17149 0
    endloop
  endfacet
  facet normal 0.815415 -0.578877 0
    outer loop
      vertex 37.7138 1.43649 0.2
      vertex 37.8891 1.68342 0
      vertex 37.8891 1.68342 0.2
    endloop
  endfacet
  facet normal 0.815415 -0.578877 0
    outer loop
      vertex 37.8891 1.68342 0
      vertex 37.7138 1.43649 0.2
      vertex 37.7138 1.43649 0
    endloop
  endfacet
  facet normal 0.056081 -0.998426 0
    outer loop
      vertex 39.6977 2.68302 0
      vertex 40 2.7 0.2
      vertex 39.6977 2.68302 0.2
    endloop
  endfacet
  facet normal 0.056081 -0.998426 0
    outer loop
      vertex 40 2.7 0.2
      vertex 39.6977 2.68302 0
      vertex 40 2.7 0
    endloop
  endfacet
  facet normal 0.483743 -0.87521 0
    outer loop
      vertex 38.5635 2.28615 0
      vertex 38.8285 2.43262 0.2
      vertex 38.5635 2.28615 0.2
    endloop
  endfacet
  facet normal 0.483743 -0.87521 0
    outer loop
      vertex 38.8285 2.43262 0.2
      vertex 38.5635 2.28615 0
      vertex 38.8285 2.43262 0
    endloop
  endfacet
  facet normal 0.578726 -0.815522 0
    outer loop
      vertex 38.3166 2.11094 0
      vertex 38.5635 2.28615 0.2
      vertex 38.3166 2.11094 0.2
    endloop
  endfacet
  facet normal 0.578726 -0.815522 0
    outer loop
      vertex 38.5635 2.28615 0.2
      vertex 38.3166 2.11094 0
      vertex 38.5635 2.28615 0
    endloop
  endfacet
  facet normal 0.382696 -0.923874 0
    outer loop
      vertex 38.8285 2.43262 0
      vertex 39.1082 2.54848 0.2
      vertex 38.8285 2.43262 0.2
    endloop
  endfacet
  facet normal 0.382696 -0.923874 0
    outer loop
      vertex 39.1082 2.54848 0.2
      vertex 38.8285 2.43262 0
      vertex 39.1082 2.54848 0
    endloop
  endfacet
  facet normal 0.666278 -0.745703 0
    outer loop
      vertex 38.0908 1.90919 0
      vertex 38.3166 2.11094 0.2
      vertex 38.0908 1.90919 0.2
    endloop
  endfacet
  facet normal 0.666278 -0.745703 0
    outer loop
      vertex 38.3166 2.11094 0.2
      vertex 38.0908 1.90919 0
      vertex 38.3166 2.11094 0
    endloop
  endfacet
  facet normal -0.998423 -0.0561463 0
    outer loop
      vertex 42.7 0 0
      vertex 42.683 0.302303 0.2
      vertex 42.683 0.302303 0
    endloop
  endfacet
  facet normal -0.998423 -0.0561463 0
    outer loop
      vertex 42.683 0.302303 0.2
      vertex 42.7 0 0
      vertex 42.7 0 0.2
    endloop
  endfacet
  facet normal -0.056081 0.998426 0
    outer loop
      vertex 40.3023 -2.68302 0
      vertex 40 -2.7 0.2
      vertex 40.3023 -2.68302 0.2
    endloop
  endfacet
  facet normal -0.056081 0.998426 0
    outer loop
      vertex 40 -2.7 0.2
      vertex 40.3023 -2.68302 0
      vertex 40 -2.7 0
    endloop
  endfacet
  facet normal -0.167483 0.985875 0
    outer loop
      vertex 40.6008 -2.63231 0
      vertex 40.3023 -2.68302 0.2
      vertex 40.6008 -2.63231 0.2
    endloop
  endfacet
  facet normal -0.167483 0.985875 0
    outer loop
      vertex 40.3023 -2.68302 0.2
      vertex 40.6008 -2.63231 0
      vertex 40.3023 -2.68302 0
    endloop
  endfacet
  facet normal -0.578726 0.815522 0
    outer loop
      vertex 41.6834 -2.11094 0
      vertex 41.4365 -2.28615 0.2
      vertex 41.6834 -2.11094 0.2
    endloop
  endfacet
  facet normal -0.578726 0.815522 0
    outer loop
      vertex 41.4365 -2.28615 0.2
      vertex 41.6834 -2.11094 0
      vertex 41.4365 -2.28615 0
    endloop
  endfacet
  facet normal -0.382696 0.923874 0
    outer loop
      vertex 41.1715 -2.43262 0
      vertex 40.8918 -2.54848 0.2
      vertex 41.1715 -2.43262 0.2
    endloop
  endfacet
  facet normal -0.382696 0.923874 0
    outer loop
      vertex 40.8918 -2.54848 0.2
      vertex 41.1715 -2.43262 0
      vertex 40.8918 -2.54848 0
    endloop
  endfacet
  facet normal -0.875308 0.483566 0
    outer loop
      vertex 42.2862 -1.43649 0
      vertex 42.4326 -1.17149 0.2
      vertex 42.4326 -1.17149 0
    endloop
  endfacet
  facet normal -0.875308 0.483566 0
    outer loop
      vertex 42.4326 -1.17149 0.2
      vertex 42.2862 -1.43649 0
      vertex 42.2862 -1.43649 0.2
    endloop
  endfacet
  facet normal 0.056081 0.998426 -0
    outer loop
      vertex 40 -2.7 0
      vertex 39.6977 -2.68302 0.2
      vertex 40 -2.7 0.2
    endloop
  endfacet
  facet normal 0.056081 0.998426 0
    outer loop
      vertex 39.6977 -2.68302 0.2
      vertex 40 -2.7 0
      vertex 39.6977 -2.68302 0
    endloop
  endfacet
  facet normal 0.483743 0.87521 -0
    outer loop
      vertex 38.8285 -2.43262 0
      vertex 38.5635 -2.28615 0.2
      vertex 38.8285 -2.43262 0.2
    endloop
  endfacet
  facet normal 0.483743 0.87521 0
    outer loop
      vertex 38.5635 -2.28615 0.2
      vertex 38.8285 -2.43262 0
      vertex 38.5635 -2.28615 0
    endloop
  endfacet
  facet normal 0.960935 0.276773 0
    outer loop
      vertex 37.4515 -0.891753 0.2
      vertex 37.3677 -0.600806 0
      vertex 37.3677 -0.600806 0.2
    endloop
  endfacet
  facet normal 0.960935 0.276773 0
    outer loop
      vertex 37.3677 -0.600806 0
      vertex 37.4515 -0.891753 0.2
      vertex 37.4515 -0.891753 0
    endloop
  endfacet
  facet normal 0.998423 0.0561463 0
    outer loop
      vertex 37.317 -0.302303 0.2
      vertex 37.3 0 0
      vertex 37.3 0 0.2
    endloop
  endfacet
  facet normal 0.998423 0.0561463 0
    outer loop
      vertex 37.3 0 0
      vertex 37.317 -0.302303 0.2
      vertex 37.317 -0.302303 0
    endloop
  endfacet
  facet normal 0.815415 0.578877 0
    outer loop
      vertex 37.8891 -1.68342 0.2
      vertex 37.7138 -1.43649 0
      vertex 37.7138 -1.43649 0.2
    endloop
  endfacet
  facet normal 0.815415 0.578877 0
    outer loop
      vertex 37.7138 -1.43649 0
      vertex 37.8891 -1.68342 0.2
      vertex 37.8891 -1.68342 0
    endloop
  endfacet
  facet normal 0.923846 0.382766 0
    outer loop
      vertex 37.5674 -1.17149 0.2
      vertex 37.4515 -0.891753 0
      vertex 37.4515 -0.891753 0.2
    endloop
  endfacet
  facet normal 0.923846 0.382766 0
    outer loop
      vertex 37.4515 -0.891753 0
      vertex 37.5674 -1.17149 0.2
      vertex 37.5674 -1.17149 0
    endloop
  endfacet
  facet normal 0.745741 0.666236 0
    outer loop
      vertex 38.0908 -1.90919 0.2
      vertex 37.8891 -1.68342 0
      vertex 37.8891 -1.68342 0.2
    endloop
  endfacet
  facet normal 0.745741 0.666236 0
    outer loop
      vertex 37.8891 -1.68342 0
      vertex 38.0908 -1.90919 0.2
      vertex 38.0908 -1.90919 0
    endloop
  endfacet
  facet normal -0.985881 0.167449 0
    outer loop
      vertex 42.6323 -0.600806 0
      vertex 42.683 -0.302303 0.2
      vertex 42.683 -0.302303 0
    endloop
  endfacet
  facet normal -0.985881 0.167449 0
    outer loop
      vertex 42.683 -0.302303 0.2
      vertex 42.6323 -0.600806 0
      vertex 42.6323 -0.600806 0.2
    endloop
  endfacet
  facet normal -0.960935 0.276773 0
    outer loop
      vertex 42.5485 -0.891753 0
      vertex 42.6323 -0.600806 0.2
      vertex 42.6323 -0.600806 0
    endloop
  endfacet
  facet normal -0.960935 0.276773 0
    outer loop
      vertex 42.6323 -0.600806 0.2
      vertex 42.5485 -0.891753 0
      vertex 42.5485 -0.891753 0.2
    endloop
  endfacet
  facet normal -0.666278 0.745703 0
    outer loop
      vertex 41.9092 -1.90919 0
      vertex 41.6834 -2.11094 0.2
      vertex 41.9092 -1.90919 0.2
    endloop
  endfacet
  facet normal -0.666278 0.745703 0
    outer loop
      vertex 41.6834 -2.11094 0.2
      vertex 41.9092 -1.90919 0
      vertex 41.6834 -2.11094 0
    endloop
  endfacet
  facet normal -0.483743 0.87521 0
    outer loop
      vertex 41.4365 -2.28615 0
      vertex 41.1715 -2.43262 0.2
      vertex 41.4365 -2.28615 0.2
    endloop
  endfacet
  facet normal -0.483743 0.87521 0
    outer loop
      vertex 41.1715 -2.43262 0.2
      vertex 41.4365 -2.28615 0
      vertex 41.1715 -2.43262 0
    endloop
  endfacet
  facet normal -0.923846 0.382766 0
    outer loop
      vertex 42.4326 -1.17149 0
      vertex 42.5485 -0.891753 0.2
      vertex 42.5485 -0.891753 0
    endloop
  endfacet
  facet normal -0.923846 0.382766 0
    outer loop
      vertex 42.5485 -0.891753 0.2
      vertex 42.4326 -1.17149 0
      vertex 42.4326 -1.17149 0.2
    endloop
  endfacet
  facet normal -0.815415 0.578877 0
    outer loop
      vertex 42.1109 -1.68342 0
      vertex 42.2862 -1.43649 0.2
      vertex 42.2862 -1.43649 0
    endloop
  endfacet
  facet normal -0.815415 0.578877 0
    outer loop
      vertex 42.2862 -1.43649 0.2
      vertex 42.1109 -1.68342 0
      vertex 42.1109 -1.68342 0.2
    endloop
  endfacet
  facet normal 0.382696 0.923874 -0
    outer loop
      vertex 39.1082 -2.54848 0
      vertex 38.8285 -2.43262 0.2
      vertex 39.1082 -2.54848 0.2
    endloop
  endfacet
  facet normal 0.382696 0.923874 0
    outer loop
      vertex 38.8285 -2.43262 0.2
      vertex 39.1082 -2.54848 0
      vertex 38.8285 -2.43262 0
    endloop
  endfacet
  facet normal 0.578726 0.815522 -0
    outer loop
      vertex 38.5635 -2.28615 0
      vertex 38.3166 -2.11094 0.2
      vertex 38.5635 -2.28615 0.2
    endloop
  endfacet
  facet normal 0.578726 0.815522 0
    outer loop
      vertex 38.3166 -2.11094 0.2
      vertex 38.5635 -2.28615 0
      vertex 38.3166 -2.11094 0
    endloop
  endfacet
  facet normal 0.875308 0.483566 0
    outer loop
      vertex 37.7138 -1.43649 0.2
      vertex 37.5674 -1.17149 0
      vertex 37.5674 -1.17149 0.2
    endloop
  endfacet
  facet normal 0.875308 0.483566 0
    outer loop
      vertex 37.5674 -1.17149 0
      vertex 37.7138 -1.43649 0.2
      vertex 37.7138 -1.43649 0
    endloop
  endfacet
  facet normal -0.773104 -0.0434755 0.632787
    outer loop
      vertex 42.7 0 0.2
      vertex 44.9835 0.00215157 2.99
      vertex 42.683 0.302303 0.2
    endloop
  endfacet
  facet normal -0.773339 -0.035943 0.632974
    outer loop
      vertex 44.9835 0.00215157 2.99
      vertex 42.7 0 0.2
      vertex 44.9836 0 2.99
    endloop
  endfacet
  facet normal -0.577412 0.515916 0.632792
    outer loop
      vertex 43.524 -3.52396 2.99
      vertex 43.8949 -3.10885 2.99
      vertex 41.9092 -1.90919 0.2
    endloop
  endfacet
  facet normal -0.773103 0.0433954 0.632795
    outer loop
      vertex 44.9523 -0.557989 2.99
      vertex 44.9835 -0.00215157 2.99
      vertex 42.683 -0.302303 0.2
    endloop
  endfacet
  facet normal 0.76337 0.129766 0.632794
    outer loop
      vertex 35.141 -1.10684 2.99
      vertex 37.317 -0.302303 0.2
      vertex 35.0477 -0.557989 2.99
    endloop
  endfacet
  facet normal -0.684753 -0.362303 0.632337
    outer loop
      vertex 42.2862 1.43649 0.2
      vertex 44.2208 2.64956 2.99
      vertex 44.2198 2.65145 2.99
    endloop
  endfacet
  facet normal -0.677779 -0.374441 0.632779
    outer loop
      vertex 44.2208 2.64956 2.99
      vertex 42.2862 1.43649 0.2
      vertex 42.4326 1.17149 0.2
    endloop
  endfacet
  facet normal -0.0434263 0.773104 0.632791
    outer loop
      vertex 40.558 -4.95229 2.99
      vertex 40.3023 -2.68302 0.2
      vertex 40.0022 -4.98351 2.99
    endloop
  endfacet
  facet normal 0.77311 -0.0433958 0.632786
    outer loop
      vertex 37.3 0 0.2
      vertex 35.0476 0.555838 2.99
      vertex 35.0164 0 2.99
    endloop
  endfacet
  facet normal 0.577412 -0.515916 0.632792
    outer loop
      vertex 38.0908 1.90919 0.2
      vertex 36.476 3.52396 2.99
      vertex 36.1051 3.10885 2.99
    endloop
  endfacet
  facet normal 0.0434248 -0.773104 0.632791
    outer loop
      vertex 40 2.7 0.2
      vertex 39.9978 4.98351 2.99
      vertex 39.6977 2.68302 0.2
    endloop
  endfacet
  facet normal 0.0421716 -0.773146 0.632824
    outer loop
      vertex 39.9978 4.98351 2.99
      vertex 40 2.7 0.2
      vertex 40 4.98363 2.99
    endloop
  endfacet
  facet normal -0.76337 -0.129766 0.632794
    outer loop
      vertex 44.9523 0.557989 2.99
      vertex 44.859 1.10684 2.99
      vertex 42.683 0.302303 0.2
    endloop
  endfacet
  facet normal -0.744066 0.214335 0.632793
    outer loop
      vertex 44.704 -1.64599 2.99
      vertex 44.8581 -1.11103 2.99
      vertex 42.5485 -0.891753 0.2
    endloop
  endfacet
  facet normal 0.76337 -0.129766 0.632794
    outer loop
      vertex 37.317 0.302303 0.2
      vertex 35.141 1.10684 2.99
      vertex 35.0477 0.557989 2.99
    endloop
  endfacet
  facet normal 0.577441 -0.515878 0.632797
    outer loop
      vertex 36.1051 3.10885 2.99
      vertex 37.8891 1.68342 0.2
      vertex 38.0908 1.90919 0.2
    endloop
  endfacet
  facet normal 0.566848 -0.528119 0.632277
    outer loop
      vertex 37.8891 1.68342 0.2
      vertex 36.1051 3.10885 2.99
      vertex 36.1036 3.10724 2.99
    endloop
  endfacet
  facet normal -0.129711 -0.763381 0.632791
    outer loop
      vertex 41.1068 4.85904 2.99
      vertex 40.558 4.95229 2.99
      vertex 40.3023 2.68302 0.2
    endloop
  endfacet
  facet normal -0.214346 -0.744063 0.632792
    outer loop
      vertex 40.8918 2.54848 0.2
      vertex 41.109 4.85868 2.99
      vertex 40.6008 2.63231 0.2
    endloop
  endfacet
  facet normal -0.22269 -0.742299 0.631982
    outer loop
      vertex 41.109 4.85868 2.99
      vertex 40.8918 2.54848 0.2
      vertex 41.111 4.85808 2.99
    endloop
  endfacet
  facet normal -0.623153 -0.460283 0.632313
    outer loop
      vertex 44.2185 2.65321 2.99
      vertex 42.2862 1.43649 0.2
      vertex 44.2198 2.65145 2.99
    endloop
  endfacet
  facet normal -0.631403 -0.448244 0.632777
    outer loop
      vertex 42.2862 1.43649 0.2
      vertex 44.2185 2.65321 2.99
      vertex 42.1109 1.68342 0.2
    endloop
  endfacet
  facet normal -0.744066 -0.214335 0.632793
    outer loop
      vertex 44.8581 1.11103 2.99
      vertex 44.704 1.64599 2.99
      vertex 42.5485 0.891753 0.2
    endloop
  endfacet
  facet normal -0.773103 -0.0433954 0.632795
    outer loop
      vertex 44.9835 0.00215157 2.99
      vertex 44.9523 0.557989 2.99
      vertex 42.683 0.302303 0.2
    endloop
  endfacet
  facet normal -0.76337 0.129766 0.632794
    outer loop
      vertex 44.859 -1.10684 2.99
      vertex 44.9523 -0.557989 2.99
      vertex 42.683 -0.302303 0.2
    endloop
  endfacet
  facet normal -0.763396 0.129661 0.632784
    outer loop
      vertex 42.6323 -0.600806 0.2
      vertex 44.859 -1.10684 2.99
      vertex 42.683 -0.302303 0.2
    endloop
  endfacet
  facet normal -0.767277 0.108577 0.632057
    outer loop
      vertex 44.859 -1.10684 2.99
      vertex 42.6323 -0.600806 0.2
      vertex 44.8587 -1.10896 2.99
    endloop
  endfacet
  facet normal -0.74407 0.214311 0.632796
    outer loop
      vertex 42.5485 -0.891753 0.2
      vertex 44.8587 -1.10896 2.99
      vertex 42.6323 -0.600806 0.2
    endloop
  endfacet
  facet normal -0.743802 0.215595 0.632674
    outer loop
      vertex 44.8587 -1.10896 2.99
      vertex 42.5485 -0.891753 0.2
      vertex 44.8581 -1.11103 2.99
    endloop
  endfacet
  facet normal -0.715354 0.296384 0.632791
    outer loop
      vertex 42.4326 -1.17149 0.2
      vertex 44.4909 -2.16032 2.99
      vertex 42.5485 -0.891753 0.2
    endloop
  endfacet
  facet normal -0.719157 0.287663 0.632506
    outer loop
      vertex 44.4909 -2.16032 2.99
      vertex 42.4326 -1.17149 0.2
      vertex 44.4901 -2.16232 2.99
    endloop
  endfacet
  facet normal -0.623153 0.460283 0.632313
    outer loop
      vertex 42.2862 -1.43649 0.2
      vertex 44.2185 -2.65321 2.99
      vertex 44.2198 -2.65145 2.99
    endloop
  endfacet
  facet normal -0.631403 0.448244 0.632777
    outer loop
      vertex 44.2185 -2.65321 2.99
      vertex 42.2862 -1.43649 0.2
      vertex 42.1109 -1.68342 0.2
    endloop
  endfacet
  facet normal -0.677697 0.374566 0.632793
    outer loop
      vertex 44.2208 -2.64956 2.99
      vertex 44.4901 -2.16232 2.99
      vertex 42.4326 -1.17149 0.2
    endloop
  endfacet
  facet normal -0.715352 0.296389 0.632792
    outer loop
      vertex 44.4909 -2.16032 2.99
      vertex 44.704 -1.64599 2.99
      vertex 42.5485 -0.891753 0.2
    endloop
  endfacet
  facet normal -0.296345 0.715372 0.632789
    outer loop
      vertex 41.646 -4.70397 2.99
      vertex 42.1603 -4.49092 2.99
      vertex 40.8918 -2.54848 0.2
    endloop
  endfacet
  facet normal 0.448123 0.631479 0.632787
    outer loop
      vertex 37.3468 -4.21851 2.99
      vertex 38.5635 -2.28615 0.2
      vertex 38.3166 -2.11094 0.2
    endloop
  endfacet
  facet normal 0.4589 0.624105 0.63238
    outer loop
      vertex 38.5635 -2.28615 0.2
      vertex 37.3468 -4.21851 2.99
      vertex 37.3485 -4.21976 2.99
    endloop
  endfacet
  facet normal 0.577441 0.515878 0.632797
    outer loop
      vertex 37.8891 -1.68342 0.2
      vertex 36.1051 -3.10885 2.99
      vertex 38.0908 -1.90919 0.2
    endloop
  endfacet
  facet normal 0.566848 0.528119 0.632277
    outer loop
      vertex 36.1051 -3.10885 2.99
      vertex 37.8891 -1.68342 0.2
      vertex 36.1036 -3.10724 2.99
    endloop
  endfacet
  facet normal 0.715352 0.296389 0.632792
    outer loop
      vertex 35.5091 -2.16032 2.99
      vertex 37.4515 -0.891753 0.2
      vertex 35.296 -1.64599 2.99
    endloop
  endfacet
  facet normal 0.448097 -0.631495 0.63279
    outer loop
      vertex 38.3166 2.11094 0.2
      vertex 37.3468 4.21851 2.99
      vertex 36.8928 3.89636 2.99
    endloop
  endfacet
  facet normal 0.773666 -0.0359677 0.632572
    outer loop
      vertex 35.0476 0.555838 2.99
      vertex 37.317 0.302303 0.2
      vertex 35.0477 0.557989 2.99
    endloop
  endfacet
  facet normal 0.773099 -0.0434752 0.632793
    outer loop
      vertex 37.317 0.302303 0.2
      vertex 35.0476 0.555838 2.99
      vertex 37.3 0 0.2
    endloop
  endfacet
  facet normal 0.715352 -0.296389 0.632792
    outer loop
      vertex 37.4515 0.891753 0.2
      vertex 35.5091 2.16032 2.99
      vertex 35.296 1.64599 2.99
    endloop
  endfacet
  facet normal 0.719157 -0.287663 0.632506
    outer loop
      vertex 35.5091 2.16032 2.99
      vertex 37.5674 1.17149 0.2
      vertex 35.5099 2.16232 2.99
    endloop
  endfacet
  facet normal 0.715354 -0.296384 0.632791
    outer loop
      vertex 37.5674 1.17149 0.2
      vertex 35.5091 2.16032 2.99
      vertex 37.4515 0.891753 0.2
    endloop
  endfacet
  facet normal -0.214334 -0.744069 0.63279
    outer loop
      vertex 41.646 4.70397 2.99
      vertex 41.111 4.85808 2.99
      vertex 40.8918 2.54848 0.2
    endloop
  endfacet
  facet normal -0.374533 -0.677719 0.632789
    outer loop
      vertex 42.6496 4.2208 2.99
      vertex 42.1623 4.4901 2.99
      vertex 41.1715 2.43262 0.2
    endloop
  endfacet
  facet normal -0.129686 -0.763388 0.632788
    outer loop
      vertex 40.6008 2.63231 0.2
      vertex 41.1068 4.85904 2.99
      vertex 40.3023 2.68302 0.2
    endloop
  endfacet
  facet normal -0.125062 -0.76427 0.632654
    outer loop
      vertex 41.1068 4.85904 2.99
      vertex 40.6008 2.63231 0.2
      vertex 41.109 4.85868 2.99
    endloop
  endfacet
  facet normal -0.631535 -0.448026 0.632801
    outer loop
      vertex 44.2185 2.65321 2.99
      vertex 43.8964 3.10724 2.99
      vertex 42.1109 1.68342 0.2
    endloop
  endfacet
  facet normal -0.577412 -0.515916 0.632792
    outer loop
      vertex 43.8949 3.10885 2.99
      vertex 43.524 3.52396 2.99
      vertex 41.9092 1.90919 0.2
    endloop
  endfacet
  facet normal -0.715352 -0.296389 0.632792
    outer loop
      vertex 44.704 1.64599 2.99
      vertex 44.4909 2.16032 2.99
      vertex 42.5485 0.891753 0.2
    endloop
  endfacet
  facet normal -0.677697 -0.374566 0.632793
    outer loop
      vertex 44.4901 2.16232 2.99
      vertex 44.2208 2.64956 2.99
      vertex 42.4326 1.17149 0.2
    endloop
  endfacet
  facet normal -0.743802 -0.215595 0.632674
    outer loop
      vertex 42.5485 0.891753 0.2
      vertex 44.8587 1.10896 2.99
      vertex 44.8581 1.11103 2.99
    endloop
  endfacet
  facet normal -0.74407 -0.214311 0.632796
    outer loop
      vertex 44.8587 1.10896 2.99
      vertex 42.5485 0.891753 0.2
      vertex 42.6323 0.600806 0.2
    endloop
  endfacet
  facet normal -0.767277 -0.108577 0.632057
    outer loop
      vertex 42.6323 0.600806 0.2
      vertex 44.859 1.10684 2.99
      vertex 44.8587 1.10896 2.99
    endloop
  endfacet
  facet normal -0.763396 -0.129661 0.632784
    outer loop
      vertex 44.859 1.10684 2.99
      vertex 42.6323 0.600806 0.2
      vertex 42.683 0.302303 0.2
    endloop
  endfacet
  facet normal -0.773339 0.035943 0.632974
    outer loop
      vertex 42.7 0 0.2
      vertex 44.9835 -0.00215157 2.99
      vertex 44.9836 0 2.99
    endloop
  endfacet
  facet normal -0.773104 0.0434755 0.632787
    outer loop
      vertex 44.9835 -0.00215157 2.99
      vertex 42.7 0 0.2
      vertex 42.683 -0.302303 0.2
    endloop
  endfacet
  facet normal -0.631535 0.448026 0.632801
    outer loop
      vertex 43.8964 -3.10724 2.99
      vertex 44.2185 -2.65321 2.99
      vertex 42.1109 -1.68342 0.2
    endloop
  endfacet
  facet normal -0.566848 0.528119 0.632277
    outer loop
      vertex 42.1109 -1.68342 0.2
      vertex 43.8949 -3.10885 2.99
      vertex 43.8964 -3.10724 2.99
    endloop
  endfacet
  facet normal -0.577441 0.515878 0.632797
    outer loop
      vertex 43.8949 -3.10885 2.99
      vertex 42.1109 -1.68342 0.2
      vertex 41.9092 -1.90919 0.2
    endloop
  endfacet
  facet normal -0.677779 0.374441 0.632779
    outer loop
      vertex 42.2862 -1.43649 0.2
      vertex 44.2208 -2.64956 2.99
      vertex 42.4326 -1.17149 0.2
    endloop
  endfacet
  facet normal -0.684753 0.362303 0.632337
    outer loop
      vertex 44.2208 -2.64956 2.99
      vertex 42.2862 -1.43649 0.2
      vertex 44.2198 -2.65145 2.99
    endloop
  endfacet
  facet normal -0.0434248 0.773104 0.632791
    outer loop
      vertex 40 -2.7 0.2
      vertex 40.0022 -4.98351 2.99
      vertex 40.3023 -2.68302 0.2
    endloop
  endfacet
  facet normal -0.0421716 0.773146 0.632824
    outer loop
      vertex 40.0022 -4.98351 2.99
      vertex 40 -2.7 0.2
      vertex 40 -4.98363 2.99
    endloop
  endfacet
  facet normal -0.371822 0.67929 0.632704
    outer loop
      vertex 41.4365 -2.28615 0.2
      vertex 42.6496 -4.2208 2.99
      vertex 42.6515 -4.21976 2.99
    endloop
  endfacet
  facet normal -0.374573 0.677693 0.632793
    outer loop
      vertex 42.6496 -4.2208 2.99
      vertex 41.4365 -2.28615 0.2
      vertex 41.1715 -2.43262 0.2
    endloop
  endfacet
  facet normal -0.214334 0.744069 0.63279
    outer loop
      vertex 41.111 -4.85808 2.99
      vertex 41.646 -4.70397 2.99
      vertex 40.8918 -2.54848 0.2
    endloop
  endfacet
  facet normal 0.74407 0.214311 0.632796
    outer loop
      vertex 35.1413 -1.10896 2.99
      vertex 37.4515 -0.891753 0.2
      vertex 37.3677 -0.600806 0.2
    endloop
  endfacet
  facet normal 0.743802 0.215595 0.632674
    outer loop
      vertex 37.4515 -0.891753 0.2
      vertex 35.1413 -1.10896 2.99
      vertex 35.1419 -1.11103 2.99
    endloop
  endfacet
  facet normal 0.214334 0.744069 0.63279
    outer loop
      vertex 38.889 -4.85808 2.99
      vertex 39.1082 -2.54848 0.2
      vertex 38.354 -4.70397 2.99
    endloop
  endfacet
  facet normal 0.515901 0.577426 0.632791
    outer loop
      vertex 36.8912 -3.89492 2.99
      vertex 38.0908 -1.90919 0.2
      vertex 36.476 -3.52396 2.99
    endloop
  endfacet
  facet normal 0.577412 0.515916 0.632792
    outer loop
      vertex 36.476 -3.52396 2.99
      vertex 38.0908 -1.90919 0.2
      vertex 36.1051 -3.10885 2.99
    endloop
  endfacet
  facet normal 0.631403 0.448244 0.632777
    outer loop
      vertex 37.7138 -1.43649 0.2
      vertex 35.7815 -2.65321 2.99
      vertex 37.8891 -1.68342 0.2
    endloop
  endfacet
  facet normal 0.623153 0.460283 0.632313
    outer loop
      vertex 35.7815 -2.65321 2.99
      vertex 37.7138 -1.43649 0.2
      vertex 35.7802 -2.65145 2.99
    endloop
  endfacet
  facet normal 0.677697 0.374566 0.632793
    outer loop
      vertex 35.7792 -2.64956 2.99
      vertex 37.5674 -1.17149 0.2
      vertex 35.5099 -2.16232 2.99
    endloop
  endfacet
  facet normal 0.129711 -0.763381 0.632791
    outer loop
      vertex 39.6977 2.68302 0.2
      vertex 39.442 4.95229 2.99
      vertex 38.8932 4.85904 2.99
    endloop
  endfacet
  facet normal 0.0434263 -0.773104 0.632791
    outer loop
      vertex 39.6977 2.68302 0.2
      vertex 39.9978 4.98351 2.99
      vertex 39.442 4.95229 2.99
    endloop
  endfacet
  facet normal 0.214334 -0.744069 0.63279
    outer loop
      vertex 39.1082 2.54848 0.2
      vertex 38.889 4.85808 2.99
      vertex 38.354 4.70397 2.99
    endloop
  endfacet
  facet normal 0.374533 -0.677719 0.632789
    outer loop
      vertex 38.8285 2.43262 0.2
      vertex 37.8377 4.4901 2.99
      vertex 37.3504 4.2208 2.99
    endloop
  endfacet
  facet normal 0.773099 0.0434752 0.632793
    outer loop
      vertex 35.0476 -0.555838 2.99
      vertex 37.317 -0.302303 0.2
      vertex 37.3 0 0.2
    endloop
  endfacet
  facet normal 0.773666 0.0359677 0.632572
    outer loop
      vertex 37.317 -0.302303 0.2
      vertex 35.0476 -0.555838 2.99
      vertex 35.0477 -0.557989 2.99
    endloop
  endfacet
  facet normal 0.77311 0.0433958 0.632786
    outer loop
      vertex 35.0476 -0.555838 2.99
      vertex 37.3 0 0.2
      vertex 35.0164 0 2.99
    endloop
  endfacet
  facet normal 0.744066 -0.214335 0.632793
    outer loop
      vertex 37.4515 0.891753 0.2
      vertex 35.296 1.64599 2.99
      vertex 35.1419 1.11103 2.99
    endloop
  endfacet
  facet normal 0.767277 -0.108577 0.632057
    outer loop
      vertex 35.141 1.10684 2.99
      vertex 37.3677 0.600806 0.2
      vertex 35.1413 1.10896 2.99
    endloop
  endfacet
  facet normal 0.763396 -0.129661 0.632784
    outer loop
      vertex 37.3677 0.600806 0.2
      vertex 35.141 1.10684 2.99
      vertex 37.317 0.302303 0.2
    endloop
  endfacet
  facet normal 0.631403 -0.448244 0.632777
    outer loop
      vertex 35.7815 2.65321 2.99
      vertex 37.7138 1.43649 0.2
      vertex 37.8891 1.68342 0.2
    endloop
  endfacet
  facet normal 0.623153 -0.460283 0.632313
    outer loop
      vertex 37.7138 1.43649 0.2
      vertex 35.7815 2.65321 2.99
      vertex 35.7802 2.65145 2.99
    endloop
  endfacet
  facet normal 0.631535 -0.448026 0.632801
    outer loop
      vertex 37.8891 1.68342 0.2
      vertex 36.1036 3.10724 2.99
      vertex 35.7815 2.65321 2.99
    endloop
  endfacet
  facet normal 0.677697 -0.374566 0.632793
    outer loop
      vertex 37.5674 1.17149 0.2
      vertex 35.7792 2.64956 2.99
      vertex 35.5099 2.16232 2.99
    endloop
  endfacet
  facet normal 0.684753 -0.362303 0.632337
    outer loop
      vertex 35.7792 2.64956 2.99
      vertex 37.7138 1.43649 0.2
      vertex 35.7802 2.65145 2.99
    endloop
  endfacet
  facet normal 0.677779 -0.374441 0.632779
    outer loop
      vertex 37.7138 1.43649 0.2
      vertex 35.7792 2.64956 2.99
      vertex 37.5674 1.17149 0.2
    endloop
  endfacet
  facet normal -0.566848 -0.528119 0.632277
    outer loop
      vertex 43.8949 3.10885 2.99
      vertex 42.1109 1.68342 0.2
      vertex 43.8964 3.10724 2.99
    endloop
  endfacet
  facet normal -0.577441 -0.515878 0.632797
    outer loop
      vertex 42.1109 1.68342 0.2
      vertex 43.8949 3.10885 2.99
      vertex 41.9092 1.90919 0.2
    endloop
  endfacet
  facet normal -0.448097 -0.631495 0.63279
    outer loop
      vertex 43.1072 3.89636 2.99
      vertex 42.6532 4.21851 2.99
      vertex 41.6834 2.11094 0.2
    endloop
  endfacet
  facet normal -0.0421716 -0.773146 0.632824
    outer loop
      vertex 40 2.7 0.2
      vertex 40.0022 4.98351 2.99
      vertex 40 4.98363 2.99
    endloop
  endfacet
  facet normal -0.0434248 -0.773104 0.632791
    outer loop
      vertex 40.0022 4.98351 2.99
      vertex 40 2.7 0.2
      vertex 40.3023 2.68302 0.2
    endloop
  endfacet
  facet normal -0.0434263 -0.773104 0.632791
    outer loop
      vertex 40.3023 2.68302 0.2
      vertex 40.558 4.95229 2.99
      vertex 40.0022 4.98351 2.99
    endloop
  endfacet
  facet normal -0.296331 -0.715379 0.632788
    outer loop
      vertex 41.1715 2.43262 0.2
      vertex 42.1603 4.49092 2.99
      vertex 40.8918 2.54848 0.2
    endloop
  endfacet
  facet normal -0.293767 -0.716505 0.632709
    outer loop
      vertex 42.1603 4.49092 2.99
      vertex 41.1715 2.43262 0.2
      vertex 42.1623 4.4901 2.99
    endloop
  endfacet
  facet normal -0.719157 -0.287663 0.632506
    outer loop
      vertex 42.4326 1.17149 0.2
      vertex 44.4909 2.16032 2.99
      vertex 44.4901 2.16232 2.99
    endloop
  endfacet
  facet normal -0.715354 -0.296384 0.632791
    outer loop
      vertex 44.4909 2.16032 2.99
      vertex 42.4326 1.17149 0.2
      vertex 42.5485 0.891753 0.2
    endloop
  endfacet
  facet normal -0.22269 0.742299 0.631982
    outer loop
      vertex 40.8918 -2.54848 0.2
      vertex 41.109 -4.85868 2.99
      vertex 41.111 -4.85808 2.99
    endloop
  endfacet
  facet normal -0.214346 0.744063 0.632792
    outer loop
      vertex 41.109 -4.85868 2.99
      vertex 40.8918 -2.54848 0.2
      vertex 40.6008 -2.63231 0.2
    endloop
  endfacet
  facet normal -0.129711 0.763381 0.632791
    outer loop
      vertex 40.558 -4.95229 2.99
      vertex 41.1068 -4.85904 2.99
      vertex 40.3023 -2.68302 0.2
    endloop
  endfacet
  facet normal -0.293767 0.716505 0.632709
    outer loop
      vertex 41.1715 -2.43262 0.2
      vertex 42.1603 -4.49092 2.99
      vertex 42.1623 -4.4901 2.99
    endloop
  endfacet
  facet normal -0.296331 0.715379 0.632788
    outer loop
      vertex 42.1603 -4.49092 2.99
      vertex 41.1715 -2.43262 0.2
      vertex 40.8918 -2.54848 0.2
    endloop
  endfacet
  facet normal -0.374533 0.677719 0.632789
    outer loop
      vertex 42.1623 -4.4901 2.99
      vertex 42.6496 -4.2208 2.99
      vertex 41.1715 -2.43262 0.2
    endloop
  endfacet
  facet normal -0.448097 0.631495 0.63279
    outer loop
      vertex 42.6532 -4.21851 2.99
      vertex 43.1072 -3.89636 2.99
      vertex 41.6834 -2.11094 0.2
    endloop
  endfacet
  facet normal -0.515915 0.577416 0.63279
    outer loop
      vertex 41.6834 -2.11094 0.2
      vertex 43.1088 -3.89492 2.99
      vertex 41.9092 -1.90919 0.2
    endloop
  endfacet
  facet normal -0.518038 0.575598 0.632712
    outer loop
      vertex 43.1088 -3.89492 2.99
      vertex 41.6834 -2.11094 0.2
      vertex 43.1072 -3.89636 2.99
    endloop
  endfacet
  facet normal 0.744066 0.214335 0.632793
    outer loop
      vertex 35.296 -1.64599 2.99
      vertex 37.4515 -0.891753 0.2
      vertex 35.1419 -1.11103 2.99
    endloop
  endfacet
  facet normal 0.763396 0.129661 0.632784
    outer loop
      vertex 35.141 -1.10684 2.99
      vertex 37.3677 -0.600806 0.2
      vertex 37.317 -0.302303 0.2
    endloop
  endfacet
  facet normal 0.767277 0.108577 0.632057
    outer loop
      vertex 37.3677 -0.600806 0.2
      vertex 35.141 -1.10684 2.99
      vertex 35.1413 -1.10896 2.99
    endloop
  endfacet
  facet normal 0.515915 0.577416 0.63279
    outer loop
      vertex 36.8912 -3.89492 2.99
      vertex 38.3166 -2.11094 0.2
      vertex 38.0908 -1.90919 0.2
    endloop
  endfacet
  facet normal 0.518038 0.575598 0.632712
    outer loop
      vertex 38.3166 -2.11094 0.2
      vertex 36.8912 -3.89492 2.99
      vertex 36.8928 -3.89636 2.99
    endloop
  endfacet
  facet normal 0.448097 0.631495 0.63279
    outer loop
      vertex 37.3468 -4.21851 2.99
      vertex 38.3166 -2.11094 0.2
      vertex 36.8928 -3.89636 2.99
    endloop
  endfacet
  facet normal 0.296345 0.715372 0.632789
    outer loop
      vertex 38.354 -4.70397 2.99
      vertex 39.1082 -2.54848 0.2
      vertex 37.8397 -4.49092 2.99
    endloop
  endfacet
  facet normal 0.374573 0.677693 0.632793
    outer loop
      vertex 38.5635 -2.28615 0.2
      vertex 37.3504 -4.2208 2.99
      vertex 38.8285 -2.43262 0.2
    endloop
  endfacet
  facet normal 0.371822 0.67929 0.632704
    outer loop
      vertex 37.3504 -4.2208 2.99
      vertex 38.5635 -2.28615 0.2
      vertex 37.3485 -4.21976 2.99
    endloop
  endfacet
  facet normal 0.129686 0.763388 0.632788
    outer loop
      vertex 39.3992 -2.63231 0.2
      vertex 38.8932 -4.85904 2.99
      vertex 39.6977 -2.68302 0.2
    endloop
  endfacet
  facet normal 0.125062 0.76427 0.632654
    outer loop
      vertex 38.8932 -4.85904 2.99
      vertex 39.3992 -2.63231 0.2
      vertex 38.891 -4.85868 2.99
    endloop
  endfacet
  facet normal 0.631535 0.448026 0.632801
    outer loop
      vertex 36.1036 -3.10724 2.99
      vertex 37.8891 -1.68342 0.2
      vertex 35.7815 -2.65321 2.99
    endloop
  endfacet
  facet normal 0.715354 0.296384 0.632791
    outer loop
      vertex 35.5091 -2.16032 2.99
      vertex 37.5674 -1.17149 0.2
      vertex 37.4515 -0.891753 0.2
    endloop
  endfacet
  facet normal 0.719157 0.287663 0.632506
    outer loop
      vertex 37.5674 -1.17149 0.2
      vertex 35.5091 -2.16032 2.99
      vertex 35.5099 -2.16232 2.99
    endloop
  endfacet
  facet normal 0.125062 -0.76427 0.632654
    outer loop
      vertex 39.3992 2.63231 0.2
      vertex 38.8932 4.85904 2.99
      vertex 38.891 4.85868 2.99
    endloop
  endfacet
  facet normal 0.129686 -0.763388 0.632788
    outer loop
      vertex 38.8932 4.85904 2.99
      vertex 39.3992 2.63231 0.2
      vertex 39.6977 2.68302 0.2
    endloop
  endfacet
  facet normal 0.518038 -0.575598 0.632712
    outer loop
      vertex 36.8912 3.89492 2.99
      vertex 38.3166 2.11094 0.2
      vertex 36.8928 3.89636 2.99
    endloop
  endfacet
  facet normal 0.515915 -0.577416 0.63279
    outer loop
      vertex 38.3166 2.11094 0.2
      vertex 36.8912 3.89492 2.99
      vertex 38.0908 1.90919 0.2
    endloop
  endfacet
  facet normal 0.296345 -0.715372 0.632789
    outer loop
      vertex 39.1082 2.54848 0.2
      vertex 38.354 4.70397 2.99
      vertex 37.8397 4.49092 2.99
    endloop
  endfacet
  facet normal 0.293767 -0.716505 0.632709
    outer loop
      vertex 38.8285 2.43262 0.2
      vertex 37.8397 4.49092 2.99
      vertex 37.8377 4.4901 2.99
    endloop
  endfacet
  facet normal 0.296331 -0.715379 0.632788
    outer loop
      vertex 37.8397 4.49092 2.99
      vertex 38.8285 2.43262 0.2
      vertex 39.1082 2.54848 0.2
    endloop
  endfacet
  facet normal 0.743802 -0.215595 0.632674
    outer loop
      vertex 35.1413 1.10896 2.99
      vertex 37.4515 0.891753 0.2
      vertex 35.1419 1.11103 2.99
    endloop
  endfacet
  facet normal 0.74407 -0.214311 0.632796
    outer loop
      vertex 37.4515 0.891753 0.2
      vertex 35.1413 1.10896 2.99
      vertex 37.3677 0.600806 0.2
    endloop
  endfacet
  facet normal -0.374573 -0.677693 0.632793
    outer loop
      vertex 41.4365 2.28615 0.2
      vertex 42.6496 4.2208 2.99
      vertex 41.1715 2.43262 0.2
    endloop
  endfacet
  facet normal -0.371822 -0.67929 0.632704
    outer loop
      vertex 42.6496 4.2208 2.99
      vertex 41.4365 2.28615 0.2
      vertex 42.6515 4.21976 2.99
    endloop
  endfacet
  facet normal -0.4589 -0.624105 0.63238
    outer loop
      vertex 41.4365 2.28615 0.2
      vertex 42.6532 4.21851 2.99
      vertex 42.6515 4.21976 2.99
    endloop
  endfacet
  facet normal -0.448123 -0.631479 0.632787
    outer loop
      vertex 42.6532 4.21851 2.99
      vertex 41.4365 2.28615 0.2
      vertex 41.6834 2.11094 0.2
    endloop
  endfacet
  facet normal -0.296345 -0.715372 0.632789
    outer loop
      vertex 42.1603 4.49092 2.99
      vertex 41.646 4.70397 2.99
      vertex 40.8918 2.54848 0.2
    endloop
  endfacet
  facet normal -0.515901 -0.577426 0.632791
    outer loop
      vertex 43.524 3.52396 2.99
      vertex 43.1088 3.89492 2.99
      vertex 41.9092 1.90919 0.2
    endloop
  endfacet
  facet normal -0.518038 -0.575598 0.632712
    outer loop
      vertex 41.6834 2.11094 0.2
      vertex 43.1088 3.89492 2.99
      vertex 43.1072 3.89636 2.99
    endloop
  endfacet
  facet normal -0.515915 -0.577416 0.63279
    outer loop
      vertex 43.1088 3.89492 2.99
      vertex 41.6834 2.11094 0.2
      vertex 41.9092 1.90919 0.2
    endloop
  endfacet
  facet normal -0.125062 0.76427 0.632654
    outer loop
      vertex 40.6008 -2.63231 0.2
      vertex 41.1068 -4.85904 2.99
      vertex 41.109 -4.85868 2.99
    endloop
  endfacet
  facet normal -0.129686 0.763388 0.632788
    outer loop
      vertex 41.1068 -4.85904 2.99
      vertex 40.6008 -2.63231 0.2
      vertex 40.3023 -2.68302 0.2
    endloop
  endfacet
  facet normal -0.448123 0.631479 0.632787
    outer loop
      vertex 41.4365 -2.28615 0.2
      vertex 42.6532 -4.21851 2.99
      vertex 41.6834 -2.11094 0.2
    endloop
  endfacet
  facet normal -0.4589 0.624105 0.63238
    outer loop
      vertex 42.6532 -4.21851 2.99
      vertex 41.4365 -2.28615 0.2
      vertex 42.6515 -4.21976 2.99
    endloop
  endfacet
  facet normal -0.515901 0.577426 0.632791
    outer loop
      vertex 43.1088 -3.89492 2.99
      vertex 43.524 -3.52396 2.99
      vertex 41.9092 -1.90919 0.2
    endloop
  endfacet
  facet normal 0.296331 0.715379 0.632788
    outer loop
      vertex 38.8285 -2.43262 0.2
      vertex 37.8397 -4.49092 2.99
      vertex 39.1082 -2.54848 0.2
    endloop
  endfacet
  facet normal 0.293767 0.716505 0.632709
    outer loop
      vertex 37.8397 -4.49092 2.99
      vertex 38.8285 -2.43262 0.2
      vertex 37.8377 -4.4901 2.99
    endloop
  endfacet
  facet normal 0.374533 0.677719 0.632789
    outer loop
      vertex 37.8377 -4.4901 2.99
      vertex 38.8285 -2.43262 0.2
      vertex 37.3504 -4.2208 2.99
    endloop
  endfacet
  facet normal 0.214346 0.744063 0.632792
    outer loop
      vertex 39.1082 -2.54848 0.2
      vertex 38.891 -4.85868 2.99
      vertex 39.3992 -2.63231 0.2
    endloop
  endfacet
  facet normal 0.22269 0.742299 0.631982
    outer loop
      vertex 38.891 -4.85868 2.99
      vertex 39.1082 -2.54848 0.2
      vertex 38.889 -4.85808 2.99
    endloop
  endfacet
  facet normal 0.677779 0.374441 0.632779
    outer loop
      vertex 35.7792 -2.64956 2.99
      vertex 37.7138 -1.43649 0.2
      vertex 37.5674 -1.17149 0.2
    endloop
  endfacet
  facet normal 0.684753 0.362303 0.632337
    outer loop
      vertex 37.7138 -1.43649 0.2
      vertex 35.7792 -2.64956 2.99
      vertex 35.7802 -2.65145 2.99
    endloop
  endfacet
  facet normal 0.22269 -0.742299 0.631982
    outer loop
      vertex 39.1082 2.54848 0.2
      vertex 38.891 4.85868 2.99
      vertex 38.889 4.85808 2.99
    endloop
  endfacet
  facet normal 0.214346 -0.744063 0.632792
    outer loop
      vertex 38.891 4.85868 2.99
      vertex 39.1082 2.54848 0.2
      vertex 39.3992 2.63231 0.2
    endloop
  endfacet
  facet normal 0.515901 -0.577426 0.632791
    outer loop
      vertex 38.0908 1.90919 0.2
      vertex 36.8912 3.89492 2.99
      vertex 36.476 3.52396 2.99
    endloop
  endfacet
  facet normal 0.4589 -0.624105 0.63238
    outer loop
      vertex 37.3468 4.21851 2.99
      vertex 38.5635 2.28615 0.2
      vertex 37.3485 4.21976 2.99
    endloop
  endfacet
  facet normal 0.448123 -0.631479 0.632787
    outer loop
      vertex 38.5635 2.28615 0.2
      vertex 37.3468 4.21851 2.99
      vertex 38.3166 2.11094 0.2
    endloop
  endfacet
  facet normal 0.371822 -0.67929 0.632704
    outer loop
      vertex 38.5635 2.28615 0.2
      vertex 37.3504 4.2208 2.99
      vertex 37.3485 4.21976 2.99
    endloop
  endfacet
  facet normal 0.374573 -0.677693 0.632793
    outer loop
      vertex 37.3504 4.2208 2.99
      vertex 38.5635 2.28615 0.2
      vertex 38.8285 2.43262 0.2
    endloop
  endfacet
  facet normal 0.0421716 0.773146 0.632824
    outer loop
      vertex 40 -2.7 0.2
      vertex 39.9978 -4.98351 2.99
      vertex 40 -4.98363 2.99
    endloop
  endfacet
  facet normal 0.0434248 0.773104 0.632791
    outer loop
      vertex 39.9978 -4.98351 2.99
      vertex 40 -2.7 0.2
      vertex 39.6977 -2.68302 0.2
    endloop
  endfacet
  facet normal 0.0434263 0.773104 0.632791
    outer loop
      vertex 39.9978 -4.98351 2.99
      vertex 39.6977 -2.68302 0.2
      vertex 39.442 -4.95229 2.99
    endloop
  endfacet
  facet normal 0.129711 0.763381 0.632791
    outer loop
      vertex 39.442 -4.95229 2.99
      vertex 39.6977 -2.68302 0.2
      vertex 38.8932 -4.85904 2.99
    endloop
  endfacet
  facet normal 0 -1 0
    outer loop
      vertex -66 -14.345 21.2
      vertex -65.5 -14.345 23
      vertex -66 -14.345 23
    endloop
  endfacet
  facet normal 0 -1 -0
    outer loop
      vertex -65.5 -14.345 23
      vertex -66 -14.345 21.2
      vertex -65.5 -14.345 21.2
    endloop
  endfacet
  facet normal 0 -1 0
    outer loop
      vertex 68.5 -14.345 21.2
      vertex 69 -14.345 23
      vertex 68.5 -14.345 23
    endloop
  endfacet
  facet normal 0 -1 -0
    outer loop
      vertex 69 -14.345 23
      vertex 68.5 -14.345 21.2
      vertex 69 -14.345 21.2
    endloop
  endfacet
  facet normal -1 0 0
    outer loop
      vertex 69 -14.355 21.2
      vertex 69 -14.345 23
      vertex 69 -14.345 21.2
    endloop
  endfacet
  facet normal -1 0 0
    outer loop
      vertex 69 -15.255 22.99
      vertex 69 -14.345 23
      vertex 69 -14.355 21.2
    endloop
  endfacet
  facet normal -1 -0 0
    outer loop
      vertex 69 -14.345 23
      vertex 69 -15.255 22.99
      vertex 69 -15.255 23
    endloop
  endfacet
  facet normal 1 0 0
    outer loop
      vertex -66 -14.345 23
      vertex -66 -14.355 21.2
      vertex -66 -14.345 21.2
    endloop
  endfacet
  facet normal 1 0 0
    outer loop
      vertex -66 -15.255 22.99
      vertex -66 -14.345 23
      vertex -66 -15.255 23
    endloop
  endfacet
  facet normal 1 0 0
    outer loop
      vertex -66 -14.345 23
      vertex -66 -15.255 22.99
      vertex -66 -14.355 21.2
    endloop
  endfacet
  facet normal 0 0 1
    outer loop
      vertex -65.5 -14.345 21.2
      vertex -66 -14.345 21.2
      vertex -65.5 -14.35 21.2
    endloop
  endfacet
  facet normal 0 0 1
    outer loop
      vertex 68.5 -14.35 21.2
      vertex 69 -14.345 21.2
      vertex 68.5 -14.345 21.2
    endloop
  endfacet
  facet normal 0 0 1
    outer loop
      vertex 69 -14.345 21.2
      vertex 68.5 -14.35 21.2
      vertex 69 -14.355 21.2
    endloop
  endfacet
  facet normal -0 0 1
    outer loop
      vertex -65.5 -14.35 21.2
      vertex 69 -14.355 21.2
      vertex 68.5 -14.35 21.2
    endloop
  endfacet
  facet normal 0 0 1
    outer loop
      vertex -65.5 -14.35 21.2
      vertex -66 -14.355 21.2
      vertex 69 -14.355 21.2
    endloop
  endfacet
  facet normal 0 0 1
    outer loop
      vertex -66 -14.355 21.2
      vertex -65.5 -14.35 21.2
      vertex -66 -14.345 21.2
    endloop
  endfacet
  facet normal 0 0.893427 0.449209
    outer loop
      vertex 69 -14.355 21.2
      vertex -66 -15.255 22.99
      vertex 69 -15.255 22.99
    endloop
  endfacet
  facet normal 0 0.893427 0.449209
    outer loop
      vertex -66 -15.255 22.99
      vertex 69 -14.355 21.2
      vertex -66 -14.355 21.2
    endloop
  endfacet
  facet normal 0 1 -0
    outer loop
      vertex 69 -15.255 22.99
      vertex -66 -15.255 23
      vertex 69 -15.255 23
    endloop
  endfacet
  facet normal 0 1 0
    outer loop
      vertex -66 -15.255 23
      vertex 69 -15.255 22.99
      vertex -66 -15.255 22.99
    endloop
  endfacet
  facet normal 0 0 -1
    outer loop
      vertex 69 -15.255 23
      vertex 68.5 -14.35 23
      vertex 69 -14.345 23
    endloop
  endfacet
  facet normal 0 0 -1
    outer loop
      vertex 69 -15.255 23
      vertex -65.5 -14.35 23
      vertex 68.5 -14.35 23
    endloop
  endfacet
  facet normal 0 0 -1
    outer loop
      vertex -66 -15.255 23
      vertex -65.5 -14.35 23
      vertex 69 -15.255 23
    endloop
  endfacet
  facet normal 0 0 -1
    outer loop
      vertex -66 -14.345 23
      vertex -65.5 -14.35 23
      vertex -66 -15.255 23
    endloop
  endfacet
  facet normal 0 0 -1
    outer loop
      vertex -65.5 -14.35 23
      vertex -66 -14.345 23
      vertex -65.5 -14.345 23
    endloop
  endfacet
  facet normal -0 0 -1
    outer loop
      vertex 69 -14.345 23
      vertex 68.5 -14.35 23
      vertex 68.5 -14.345 23
    endloop
  endfacet
  facet normal 1 -0 0
    outer loop
      vertex -66 14.345 23
      vertex -66 15.255 22.99
      vertex -66 15.255 23
    endloop
  endfacet
  facet normal 1 0 0
    outer loop
      vertex -66 15.255 22.99
      vertex -66 14.345 23
      vertex -66 14.355 21.2
    endloop
  endfacet
  facet normal 1 0 0
    outer loop
      vertex -66 14.355 21.2
      vertex -66 14.345 23
      vertex -66 14.345 21.2
    endloop
  endfacet
  facet normal -1 0 0
    outer loop
      vertex 69 14.345 23
      vertex 69 15.255 22.99
      vertex 69 14.355 21.2
    endloop
  endfacet
  facet normal -1 0 0
    outer loop
      vertex 69 14.345 23
      vertex 69 14.355 21.2
      vertex 69 14.345 21.2
    endloop
  endfacet
  facet normal -1 0 0
    outer loop
      vertex 69 15.255 22.99
      vertex 69 14.345 23
      vertex 69 15.255 23
    endloop
  endfacet
  facet normal 0 0 -1
    outer loop
      vertex -65.5 14.345 23
      vertex -66 14.345 23
      vertex -65.5 14.35 23
    endloop
  endfacet
  facet normal 0 0 -1
    outer loop
      vertex 68.5 14.35 23
      vertex 69 14.345 23
      vertex 68.5 14.345 23
    endloop
  endfacet
  facet normal 0 0 -1
    outer loop
      vertex 69 14.345 23
      vertex 68.5 14.35 23
      vertex 69 15.255 23
    endloop
  endfacet
  facet normal 0 0 -1
    outer loop
      vertex -65.5 14.35 23
      vertex 69 15.255 23
      vertex 68.5 14.35 23
    endloop
  endfacet
  facet normal 0 0 -1
    outer loop
      vertex -65.5 14.35 23
      vertex -66 15.255 23
      vertex 69 15.255 23
    endloop
  endfacet
  facet normal 0 0 -1
    outer loop
      vertex -66 15.255 23
      vertex -65.5 14.35 23
      vertex -66 14.345 23
    endloop
  endfacet
  facet normal 0 0 1
    outer loop
      vertex 69 14.355 21.2
      vertex 68.5 14.35 21.2
      vertex 69 14.345 21.2
    endloop
  endfacet
  facet normal 0 0 1
    outer loop
      vertex 69 14.355 21.2
      vertex -65.5 14.35 21.2
      vertex 68.5 14.35 21.2
    endloop
  endfacet
  facet normal -0 0 1
    outer loop
      vertex -66 14.355 21.2
      vertex -65.5 14.35 21.2
      vertex 69 14.355 21.2
    endloop
  endfacet
  facet normal 0 0 1
    outer loop
      vertex -66 14.345 21.2
      vertex -65.5 14.35 21.2
      vertex -66 14.355 21.2
    endloop
  endfacet
  facet normal 0 0 1
    outer loop
      vertex -65.5 14.35 21.2
      vertex -66 14.345 21.2
      vertex -65.5 14.345 21.2
    endloop
  endfacet
  facet normal 0 0 1
    outer loop
      vertex 69 14.345 21.2
      vertex 68.5 14.35 21.2
      vertex 68.5 14.345 21.2
    endloop
  endfacet
  facet normal 0 1 -0
    outer loop
      vertex 69 14.345 21.2
      vertex 68.5 14.345 23
      vertex 69 14.345 23
    endloop
  endfacet
  facet normal 0 1 0
    outer loop
      vertex 68.5 14.345 23
      vertex 69 14.345 21.2
      vertex 68.5 14.345 21.2
    endloop
  endfacet
  facet normal 0 1 -0
    outer loop
      vertex -65.5 14.345 21.2
      vertex -66 14.345 23
      vertex -65.5 14.345 23
    endloop
  endfacet
  facet normal 0 1 0
    outer loop
      vertex -66 14.345 23
      vertex -65.5 14.345 21.2
      vertex -66 14.345 21.2
    endloop
  endfacet
  facet normal 0 -1 0
    outer loop
      vertex -66 15.255 22.99
      vertex 69 15.255 23
      vertex -66 15.255 23
    endloop
  endfacet
  facet normal 0 -1 -0
    outer loop
      vertex 69 15.255 23
      vertex -66 15.255 22.99
      vertex 69 15.255 22.99
    endloop
  endfacet
  facet normal 0 -0.893427 0.449209
    outer loop
      vertex -66 14.355 21.2
      vertex 69 15.255 22.99
      vertex -66 15.255 22.99
    endloop
  endfacet
  facet normal 0 -0.893427 0.449209
    outer loop
      vertex 69 15.255 22.99
      vertex -66 14.355 21.2
      vertex 69 14.355 21.2
    endloop
  endfacet
  facet normal -0.167637 0 0.985849
    outer loop
      vertex -33.2201 -14.35 23.6157
      vertex -32.9437 -17.35 23.6627
      vertex -32.9437 -14.35 23.6627
    endloop
  endfacet
  facet normal -0.167637 0 0.985849
    outer loop
      vertex -32.9437 -17.35 23.6627
      vertex -33.2201 -14.35 23.6157
      vertex -33.2201 -17.35 23.6157
    endloop
  endfacet
  facet normal -0.167637 0 0.985849
    outer loop
      vertex -33.2201 17.35 23.6157
      vertex -32.9437 14.35 23.6627
      vertex -32.9437 17.35 23.6627
    endloop
  endfacet
  facet normal -0.167637 0 0.985849
    outer loop
      vertex -32.9437 14.35 23.6627
      vertex -33.2201 17.35 23.6157
      vertex -33.2201 14.35 23.6157
    endloop
  endfacet
  facet normal 0.666221 0 0.745754
    outer loop
      vertex -35.2678 -14.35 24.3322
      vertex -35.0587 -17.35 24.1454
      vertex -35.0587 -14.35 24.1454
    endloop
  endfacet
  facet normal 0.666221 0 0.745754
    outer loop
      vertex -35.0587 -17.35 24.1454
      vertex -35.2678 -14.35 24.3322
      vertex -35.2678 -17.35 24.3322
    endloop
  endfacet
  facet normal 0.666221 0 0.745754
    outer loop
      vertex -35.2678 17.35 24.3322
      vertex -35.0587 14.35 24.1454
      vertex -35.0587 17.35 24.1454
    endloop
  endfacet
  facet normal 0.666221 0 0.745754
    outer loop
      vertex -35.0587 14.35 24.1454
      vertex -35.2678 17.35 24.3322
      vertex -35.2678 14.35 24.3322
    endloop
  endfacet
  facet normal 0.815561 -0 0.57867
    outer loop
      vertex -35.6168 -17.35 24.7699
      vertex -35.4546 -14.35 24.5413
      vertex -35.6168 -14.35 24.7699
    endloop
  endfacet
  facet normal 0.815561 0 0.57867
    outer loop
      vertex -35.4546 -14.35 24.5413
      vertex -35.6168 -17.35 24.7699
      vertex -35.4546 -17.35 24.5413
    endloop
  endfacet
  facet normal 0.815561 -0 0.57867
    outer loop
      vertex -35.6168 14.35 24.7699
      vertex -35.4546 17.35 24.5413
      vertex -35.6168 17.35 24.7699
    endloop
  endfacet
  facet normal 0.815561 0 0.57867
    outer loop
      vertex -35.4546 17.35 24.5413
      vertex -35.6168 14.35 24.7699
      vertex -35.4546 14.35 24.5413
    endloop
  endfacet
  facet normal 0.960929 -0 0.276793
    outer loop
      vertex -35.9373 -17.35 25.5437
      vertex -35.8597 -14.35 25.2743
      vertex -35.9373 -14.35 25.5437
    endloop
  endfacet
  facet normal 0.960929 0 0.276793
    outer loop
      vertex -35.8597 -14.35 25.2743
      vertex -35.9373 -17.35 25.5437
      vertex -35.8597 -17.35 25.2743
    endloop
  endfacet
  facet normal 0.960929 -0 0.276793
    outer loop
      vertex -35.9373 14.35 25.5437
      vertex -35.8597 17.35 25.2743
      vertex -35.9373 17.35 25.5437
    endloop
  endfacet
  facet normal 0.960929 0 0.276793
    outer loop
      vertex -35.8597 17.35 25.2743
      vertex -35.9373 14.35 25.5437
      vertex -35.8597 14.35 25.2743
    endloop
  endfacet
  facet normal 0.985849 -0 0.167637
    outer loop
      vertex -35.9843 -17.35 25.8201
      vertex -35.9373 -14.35 25.5437
      vertex -35.9843 -14.35 25.8201
    endloop
  endfacet
  facet normal 0.985849 0 0.167637
    outer loop
      vertex -35.9373 -14.35 25.5437
      vertex -35.9843 -17.35 25.8201
      vertex -35.9373 -17.35 25.5437
    endloop
  endfacet
  facet normal 0.985849 -0 0.167637
    outer loop
      vertex -35.9843 14.35 25.8201
      vertex -35.9373 17.35 25.5437
      vertex -35.9843 17.35 25.8201
    endloop
  endfacet
  facet normal 0.985849 0 0.167637
    outer loop
      vertex -35.9373 17.35 25.5437
      vertex -35.9843 14.35 25.8201
      vertex -35.9373 14.35 25.5437
    endloop
  endfacet
  facet normal -0.0560034 0 0.998431
    outer loop
      vertex -33.5 -14.35 23.6
      vertex -33.2201 -17.35 23.6157
      vertex -33.2201 -14.35 23.6157
    endloop
  endfacet
  facet normal -0.0560034 0 0.998431
    outer loop
      vertex -33.2201 -17.35 23.6157
      vertex -33.5 -14.35 23.6
      vertex -33.5 -17.35 23.6
    endloop
  endfacet
  facet normal -0.0560034 0 0.998431
    outer loop
      vertex -33.5 17.35 23.6
      vertex -33.2201 14.35 23.6157
      vertex -33.2201 17.35 23.6157
    endloop
  endfacet
  facet normal -0.0560034 0 0.998431
    outer loop
      vertex -33.2201 14.35 23.6157
      vertex -33.5 17.35 23.6
      vertex -33.5 14.35 23.6
    endloop
  endfacet
  facet normal -0.483643 0 0.875265
    outer loop
      vertex -32.4153 -14.35 23.8476
      vertex -32.1699 -17.35 23.9832
      vertex -32.1699 -14.35 23.9832
    endloop
  endfacet
  facet normal -0.483643 0 0.875265
    outer loop
      vertex -32.1699 -17.35 23.9832
      vertex -32.4153 -14.35 23.8476
      vertex -32.4153 -17.35 23.8476
    endloop
  endfacet
  facet normal -0.483643 0 0.875265
    outer loop
      vertex -32.4153 17.35 23.8476
      vertex -32.1699 14.35 23.9832
      vertex -32.1699 17.35 23.9832
    endloop
  endfacet
  facet normal -0.483643 0 0.875265
    outer loop
      vertex -32.1699 14.35 23.9832
      vertex -32.4153 17.35 23.8476
      vertex -32.4153 14.35 23.8476
    endloop
  endfacet
  facet normal -0.745754 0 0.666221
    outer loop
      vertex -31.7322 -17.35 24.3322
      vertex -31.5454 -14.35 24.5413
      vertex -31.7322 -14.35 24.3322
    endloop
  endfacet
  facet normal -0.745754 0 0.666221
    outer loop
      vertex -31.5454 -14.35 24.5413
      vertex -31.7322 -17.35 24.3322
      vertex -31.5454 -17.35 24.5413
    endloop
  endfacet
  facet normal -0.745754 0 0.666221
    outer loop
      vertex -31.7322 14.35 24.3322
      vertex -31.5454 17.35 24.5413
      vertex -31.7322 17.35 24.3322
    endloop
  endfacet
  facet normal -0.745754 0 0.666221
    outer loop
      vertex -31.5454 17.35 24.5413
      vertex -31.7322 14.35 24.3322
      vertex -31.5454 14.35 24.5413
    endloop
  endfacet
  facet normal -0.57867 0 0.815561
    outer loop
      vertex -32.1699 -14.35 23.9832
      vertex -31.9413 -17.35 24.1454
      vertex -31.9413 -14.35 24.1454
    endloop
  endfacet
  facet normal -0.57867 0 0.815561
    outer loop
      vertex -31.9413 -17.35 24.1454
      vertex -32.1699 -14.35 23.9832
      vertex -32.1699 -17.35 23.9832
    endloop
  endfacet
  facet normal -0.57867 0 0.815561
    outer loop
      vertex -32.1699 17.35 23.9832
      vertex -31.9413 14.35 24.1454
      vertex -31.9413 17.35 24.1454
    endloop
  endfacet
  facet normal -0.57867 0 0.815561
    outer loop
      vertex -31.9413 14.35 24.1454
      vertex -32.1699 17.35 23.9832
      vertex -32.1699 14.35 23.9832
    endloop
  endfacet
  facet normal -0.666221 0 0.745754
    outer loop
      vertex -31.9413 -14.35 24.1454
      vertex -31.7322 -17.35 24.3322
      vertex -31.7322 -14.35 24.3322
    endloop
  endfacet
  facet normal -0.666221 0 0.745754
    outer loop
      vertex -31.7322 -17.35 24.3322
      vertex -31.9413 -14.35 24.1454
      vertex -31.9413 -17.35 24.1454
    endloop
  endfacet
  facet normal -0.666221 0 0.745754
    outer loop
      vertex -31.9413 17.35 24.1454
      vertex -31.7322 14.35 24.3322
      vertex -31.7322 17.35 24.3322
    endloop
  endfacet
  facet normal -0.666221 0 0.745754
    outer loop
      vertex -31.7322 14.35 24.3322
      vertex -31.9413 17.35 24.1454
      vertex -31.9413 14.35 24.1454
    endloop
  endfacet
  facet normal -0.815561 0 0.57867
    outer loop
      vertex -31.5454 -17.35 24.5413
      vertex -31.3832 -14.35 24.7699
      vertex -31.5454 -14.35 24.5413
    endloop
  endfacet
  facet normal -0.815561 0 0.57867
    outer loop
      vertex -31.3832 -14.35 24.7699
      vertex -31.5454 -17.35 24.5413
      vertex -31.3832 -17.35 24.7699
    endloop
  endfacet
  facet normal -0.815561 0 0.57867
    outer loop
      vertex -31.5454 14.35 24.5413
      vertex -31.3832 17.35 24.7699
      vertex -31.5454 17.35 24.5413
    endloop
  endfacet
  facet normal -0.815561 0 0.57867
    outer loop
      vertex -31.3832 17.35 24.7699
      vertex -31.5454 14.35 24.5413
      vertex -31.3832 14.35 24.7699
    endloop
  endfacet
  facet normal -0.985849 0 0.167637
    outer loop
      vertex -31.0627 -17.35 25.5437
      vertex -31.0157 -14.35 25.8201
      vertex -31.0627 -14.35 25.5437
    endloop
  endfacet
  facet normal -0.985849 0 0.167637
    outer loop
      vertex -31.0157 -14.35 25.8201
      vertex -31.0627 -17.35 25.5437
      vertex -31.0157 -17.35 25.8201
    endloop
  endfacet
  facet normal -0.985849 0 0.167637
    outer loop
      vertex -31.0627 14.35 25.5437
      vertex -31.0157 17.35 25.8201
      vertex -31.0627 17.35 25.5437
    endloop
  endfacet
  facet normal -0.985849 0 0.167637
    outer loop
      vertex -31.0157 17.35 25.8201
      vertex -31.0627 14.35 25.5437
      vertex -31.0157 14.35 25.8201
    endloop
  endfacet
  facet normal -0.998431 0 0.0560034
    outer loop
      vertex -31.0157 -17.35 25.8201
      vertex -31 -14.35 26.1
      vertex -31.0157 -14.35 25.8201
    endloop
  endfacet
  facet normal -0.998431 0 0.0560034
    outer loop
      vertex -31 -14.35 26.1
      vertex -31.0157 -17.35 25.8201
      vertex -31 -17.35 26.1
    endloop
  endfacet
  facet normal -0.998431 0 0.0560034
    outer loop
      vertex -31.0157 14.35 25.8201
      vertex -31 17.35 26.1
      vertex -31.0157 17.35 25.8201
    endloop
  endfacet
  facet normal -0.998431 0 0.0560034
    outer loop
      vertex -31 17.35 26.1
      vertex -31.0157 14.35 25.8201
      vertex -31 14.35 26.1
    endloop
  endfacet
  facet normal 0.875265 -0 0.483643
    outer loop
      vertex -35.7524 -17.35 25.0153
      vertex -35.6168 -14.35 24.7699
      vertex -35.7524 -14.35 25.0153
    endloop
  endfacet
  facet normal 0.875265 0 0.483643
    outer loop
      vertex -35.6168 -14.35 24.7699
      vertex -35.7524 -17.35 25.0153
      vertex -35.6168 -17.35 24.7699
    endloop
  endfacet
  facet normal 0.875265 -0 0.483643
    outer loop
      vertex -35.7524 14.35 25.0153
      vertex -35.6168 17.35 24.7699
      vertex -35.7524 17.35 25.0153
    endloop
  endfacet
  facet normal 0.875265 0 0.483643
    outer loop
      vertex -35.6168 17.35 24.7699
      vertex -35.7524 14.35 25.0153
      vertex -35.6168 14.35 24.7699
    endloop
  endfacet
  facet normal 0.745754 -0 0.666221
    outer loop
      vertex -35.4546 -17.35 24.5413
      vertex -35.2678 -14.35 24.3322
      vertex -35.4546 -14.35 24.5413
    endloop
  endfacet
  facet normal 0.745754 0 0.666221
    outer loop
      vertex -35.2678 -14.35 24.3322
      vertex -35.4546 -17.35 24.5413
      vertex -35.2678 -17.35 24.3322
    endloop
  endfacet
  facet normal 0.745754 -0 0.666221
    outer loop
      vertex -35.4546 14.35 24.5413
      vertex -35.2678 17.35 24.3322
      vertex -35.4546 17.35 24.5413
    endloop
  endfacet
  facet normal 0.745754 0 0.666221
    outer loop
      vertex -35.2678 17.35 24.3322
      vertex -35.4546 14.35 24.5413
      vertex -35.2678 14.35 24.3322
    endloop
  endfacet
  facet normal 0.923856 -0 0.38274
    outer loop
      vertex -35.8597 -17.35 25.2743
      vertex -35.7524 -14.35 25.0153
      vertex -35.8597 -14.35 25.2743
    endloop
  endfacet
  facet normal 0.923856 0 0.38274
    outer loop
      vertex -35.7524 -14.35 25.0153
      vertex -35.8597 -17.35 25.2743
      vertex -35.7524 -17.35 25.0153
    endloop
  endfacet
  facet normal 0.923856 -0 0.38274
    outer loop
      vertex -35.8597 14.35 25.2743
      vertex -35.7524 17.35 25.0153
      vertex -35.8597 17.35 25.2743
    endloop
  endfacet
  facet normal 0.923856 0 0.38274
    outer loop
      vertex -35.7524 17.35 25.0153
      vertex -35.8597 14.35 25.2743
      vertex -35.7524 14.35 25.0153
    endloop
  endfacet
  facet normal 0.998431 -0 0.0560034
    outer loop
      vertex -36 -17.35 26.1
      vertex -35.9843 -14.35 25.8201
      vertex -36 -14.35 26.1
    endloop
  endfacet
  facet normal 0.998431 0 0.0560034
    outer loop
      vertex -35.9843 -14.35 25.8201
      vertex -36 -17.35 26.1
      vertex -35.9843 -17.35 25.8201
    endloop
  endfacet
  facet normal 0.998431 -0 0.0560034
    outer loop
      vertex -36 14.35 26.1
      vertex -35.9843 17.35 25.8201
      vertex -36 17.35 26.1
    endloop
  endfacet
  facet normal 0.998431 0 0.0560034
    outer loop
      vertex -35.9843 17.35 25.8201
      vertex -36 14.35 26.1
      vertex -35.9843 14.35 25.8201
    endloop
  endfacet
  facet normal -0.276793 0 0.960929
    outer loop
      vertex -32.9437 -14.35 23.6627
      vertex -32.6743 -17.35 23.7403
      vertex -32.6743 -14.35 23.7403
    endloop
  endfacet
  facet normal -0.276793 0 0.960929
    outer loop
      vertex -32.6743 -17.35 23.7403
      vertex -32.9437 -14.35 23.6627
      vertex -32.9437 -17.35 23.6627
    endloop
  endfacet
  facet normal -0.276793 0 0.960929
    outer loop
      vertex -32.9437 17.35 23.6627
      vertex -32.6743 14.35 23.7403
      vertex -32.6743 17.35 23.7403
    endloop
  endfacet
  facet normal -0.276793 0 0.960929
    outer loop
      vertex -32.6743 14.35 23.7403
      vertex -32.9437 17.35 23.6627
      vertex -32.9437 14.35 23.6627
    endloop
  endfacet
  facet normal -0.923856 0 0.38274
    outer loop
      vertex -31.2476 -17.35 25.0153
      vertex -31.1403 -14.35 25.2743
      vertex -31.2476 -14.35 25.0153
    endloop
  endfacet
  facet normal -0.923856 0 0.38274
    outer loop
      vertex -31.1403 -14.35 25.2743
      vertex -31.2476 -17.35 25.0153
      vertex -31.1403 -17.35 25.2743
    endloop
  endfacet
  facet normal -0.923856 0 0.38274
    outer loop
      vertex -31.2476 14.35 25.0153
      vertex -31.1403 17.35 25.2743
      vertex -31.2476 17.35 25.0153
    endloop
  endfacet
  facet normal -0.923856 0 0.38274
    outer loop
      vertex -31.1403 17.35 25.2743
      vertex -31.2476 14.35 25.0153
      vertex -31.1403 14.35 25.2743
    endloop
  endfacet
  facet normal -0.960929 0 0.276793
    outer loop
      vertex -31.1403 -17.35 25.2743
      vertex -31.0627 -14.35 25.5437
      vertex -31.1403 -14.35 25.2743
    endloop
  endfacet
  facet normal -0.960929 0 0.276793
    outer loop
      vertex -31.0627 -14.35 25.5437
      vertex -31.1403 -17.35 25.2743
      vertex -31.0627 -17.35 25.5437
    endloop
  endfacet
  facet normal -0.960929 0 0.276793
    outer loop
      vertex -31.1403 14.35 25.2743
      vertex -31.0627 17.35 25.5437
      vertex -31.1403 17.35 25.2743
    endloop
  endfacet
  facet normal -0.960929 0 0.276793
    outer loop
      vertex -31.0627 17.35 25.5437
      vertex -31.1403 14.35 25.2743
      vertex -31.0627 14.35 25.5437
    endloop
  endfacet
  facet normal -0.875265 0 0.483643
    outer loop
      vertex -31.3832 -17.35 24.7699
      vertex -31.2476 -14.35 25.0153
      vertex -31.3832 -14.35 24.7699
    endloop
  endfacet
  facet normal -0.875265 0 0.483643
    outer loop
      vertex -31.2476 -14.35 25.0153
      vertex -31.3832 -17.35 24.7699
      vertex -31.2476 -17.35 25.0153
    endloop
  endfacet
  facet normal -0.875265 0 0.483643
    outer loop
      vertex -31.3832 14.35 24.7699
      vertex -31.2476 17.35 25.0153
      vertex -31.3832 17.35 24.7699
    endloop
  endfacet
  facet normal -0.875265 0 0.483643
    outer loop
      vertex -31.2476 17.35 25.0153
      vertex -31.3832 14.35 24.7699
      vertex -31.2476 14.35 25.0153
    endloop
  endfacet
  facet normal 0.167637 0 0.985849
    outer loop
      vertex -34.0563 -14.35 23.6627
      vertex -33.7799 -17.35 23.6157
      vertex -33.7799 -14.35 23.6157
    endloop
  endfacet
  facet normal 0.167637 0 0.985849
    outer loop
      vertex -33.7799 -17.35 23.6157
      vertex -34.0563 -14.35 23.6627
      vertex -34.0563 -17.35 23.6627
    endloop
  endfacet
  facet normal 0.167637 0 0.985849
    outer loop
      vertex -34.0563 17.35 23.6627
      vertex -33.7799 14.35 23.6157
      vertex -33.7799 17.35 23.6157
    endloop
  endfacet
  facet normal 0.167637 0 0.985849
    outer loop
      vertex -33.7799 14.35 23.6157
      vertex -34.0563 17.35 23.6627
      vertex -34.0563 14.35 23.6627
    endloop
  endfacet
  facet normal -0.38274 0 0.923856
    outer loop
      vertex -32.6743 -14.35 23.7403
      vertex -32.4153 -17.35 23.8476
      vertex -32.4153 -14.35 23.8476
    endloop
  endfacet
  facet normal -0.38274 0 0.923856
    outer loop
      vertex -32.4153 -17.35 23.8476
      vertex -32.6743 -14.35 23.7403
      vertex -32.6743 -17.35 23.7403
    endloop
  endfacet
  facet normal -0.38274 0 0.923856
    outer loop
      vertex -32.6743 17.35 23.7403
      vertex -32.4153 14.35 23.8476
      vertex -32.4153 17.35 23.8476
    endloop
  endfacet
  facet normal -0.38274 0 0.923856
    outer loop
      vertex -32.4153 14.35 23.8476
      vertex -32.6743 17.35 23.7403
      vertex -32.6743 14.35 23.7403
    endloop
  endfacet
  facet normal 0.483643 0 0.875265
    outer loop
      vertex -34.8301 -14.35 23.9832
      vertex -34.5847 -17.35 23.8476
      vertex -34.5847 -14.35 23.8476
    endloop
  endfacet
  facet normal 0.483643 0 0.875265
    outer loop
      vertex -34.5847 -17.35 23.8476
      vertex -34.8301 -14.35 23.9832
      vertex -34.8301 -17.35 23.9832
    endloop
  endfacet
  facet normal 0.483643 0 0.875265
    outer loop
      vertex -34.8301 17.35 23.9832
      vertex -34.5847 14.35 23.8476
      vertex -34.5847 17.35 23.8476
    endloop
  endfacet
  facet normal 0.483643 0 0.875265
    outer loop
      vertex -34.5847 14.35 23.8476
      vertex -34.8301 17.35 23.9832
      vertex -34.8301 14.35 23.9832
    endloop
  endfacet
  facet normal 0.57867 0 0.815561
    outer loop
      vertex -35.0587 -14.35 24.1454
      vertex -34.8301 -17.35 23.9832
      vertex -34.8301 -14.35 23.9832
    endloop
  endfacet
  facet normal 0.57867 0 0.815561
    outer loop
      vertex -34.8301 -17.35 23.9832
      vertex -35.0587 -14.35 24.1454
      vertex -35.0587 -17.35 24.1454
    endloop
  endfacet
  facet normal 0.57867 0 0.815561
    outer loop
      vertex -35.0587 17.35 24.1454
      vertex -34.8301 14.35 23.9832
      vertex -34.8301 17.35 23.9832
    endloop
  endfacet
  facet normal 0.57867 0 0.815561
    outer loop
      vertex -34.8301 14.35 23.9832
      vertex -35.0587 17.35 24.1454
      vertex -35.0587 14.35 24.1454
    endloop
  endfacet
  facet normal 0.38274 0 0.923856
    outer loop
      vertex -34.5847 -14.35 23.8476
      vertex -34.3257 -17.35 23.7403
      vertex -34.3257 -14.35 23.7403
    endloop
  endfacet
  facet normal 0.38274 0 0.923856
    outer loop
      vertex -34.3257 -17.35 23.7403
      vertex -34.5847 -14.35 23.8476
      vertex -34.5847 -17.35 23.8476
    endloop
  endfacet
  facet normal 0.38274 0 0.923856
    outer loop
      vertex -34.5847 17.35 23.8476
      vertex -34.3257 14.35 23.7403
      vertex -34.3257 17.35 23.7403
    endloop
  endfacet
  facet normal 0.38274 0 0.923856
    outer loop
      vertex -34.3257 14.35 23.7403
      vertex -34.5847 17.35 23.8476
      vertex -34.5847 14.35 23.8476
    endloop
  endfacet
  facet normal 0.276793 0 0.960929
    outer loop
      vertex -34.3257 -14.35 23.7403
      vertex -34.0563 -17.35 23.6627
      vertex -34.0563 -14.35 23.6627
    endloop
  endfacet
  facet normal 0.276793 0 0.960929
    outer loop
      vertex -34.0563 -17.35 23.6627
      vertex -34.3257 -14.35 23.7403
      vertex -34.3257 -17.35 23.7403
    endloop
  endfacet
  facet normal 0.276793 0 0.960929
    outer loop
      vertex -34.3257 17.35 23.7403
      vertex -34.0563 14.35 23.6627
      vertex -34.0563 17.35 23.6627
    endloop
  endfacet
  facet normal 0.276793 0 0.960929
    outer loop
      vertex -34.0563 14.35 23.6627
      vertex -34.3257 17.35 23.7403
      vertex -34.3257 14.35 23.7403
    endloop
  endfacet
  facet normal 0.0560034 0 0.998431
    outer loop
      vertex -33.7799 -14.35 23.6157
      vertex -33.5 -17.35 23.6
      vertex -33.5 -14.35 23.6
    endloop
  endfacet
  facet normal 0.0560034 0 0.998431
    outer loop
      vertex -33.5 -17.35 23.6
      vertex -33.7799 -14.35 23.6157
      vertex -33.7799 -17.35 23.6157
    endloop
  endfacet
  facet normal 0.0560034 0 0.998431
    outer loop
      vertex -33.7799 17.35 23.6157
      vertex -33.5 14.35 23.6
      vertex -33.5 17.35 23.6
    endloop
  endfacet
  facet normal 0.0560034 0 0.998431
    outer loop
      vertex -33.5 14.35 23.6
      vertex -33.7799 17.35 23.6157
      vertex -33.7799 14.35 23.6157
    endloop
  endfacet
  facet normal 0.167637 0 0.985849
    outer loop
      vertex 35.9437 -14.35 23.6627
      vertex 36.2201 -17.35 23.6157
      vertex 36.2201 -14.35 23.6157
    endloop
  endfacet
  facet normal 0.167637 0 0.985849
    outer loop
      vertex 36.2201 -17.35 23.6157
      vertex 35.9437 -14.35 23.6627
      vertex 35.9437 -17.35 23.6627
    endloop
  endfacet
  facet normal 0.167637 0 0.985849
    outer loop
      vertex 35.9437 17.35 23.6627
      vertex 36.2201 14.35 23.6157
      vertex 36.2201 17.35 23.6157
    endloop
  endfacet
  facet normal 0.167637 0 0.985849
    outer loop
      vertex 36.2201 14.35 23.6157
      vertex 35.9437 17.35 23.6627
      vertex 35.9437 14.35 23.6627
    endloop
  endfacet
  facet normal 0.998431 -0 0.0560034
    outer loop
      vertex 34 -17.35 26.1
      vertex 34.0157 -14.35 25.8201
      vertex 34 -14.35 26.1
    endloop
  endfacet
  facet normal 0.998431 0 0.0560034
    outer loop
      vertex 34.0157 -14.35 25.8201
      vertex 34 -17.35 26.1
      vertex 34.0157 -17.35 25.8201
    endloop
  endfacet
  facet normal 0.998431 -0 0.0560034
    outer loop
      vertex 34 14.35 26.1
      vertex 34.0157 17.35 25.8201
      vertex 34 17.35 26.1
    endloop
  endfacet
  facet normal 0.998431 0 0.0560034
    outer loop
      vertex 34.0157 17.35 25.8201
      vertex 34 14.35 26.1
      vertex 34.0157 14.35 25.8201
    endloop
  endfacet
  facet normal -0.815561 0 0.57867
    outer loop
      vertex 38.4546 -17.35 24.5413
      vertex 38.6168 -14.35 24.7699
      vertex 38.4546 -14.35 24.5413
    endloop
  endfacet
  facet normal -0.815561 0 0.57867
    outer loop
      vertex 38.6168 -14.35 24.7699
      vertex 38.4546 -17.35 24.5413
      vertex 38.6168 -17.35 24.7699
    endloop
  endfacet
  facet normal -0.815561 0 0.57867
    outer loop
      vertex 38.4546 14.35 24.5413
      vertex 38.6168 17.35 24.7699
      vertex 38.4546 17.35 24.5413
    endloop
  endfacet
  facet normal -0.815561 0 0.57867
    outer loop
      vertex 38.6168 17.35 24.7699
      vertex 38.4546 14.35 24.5413
      vertex 38.6168 14.35 24.7699
    endloop
  endfacet
  facet normal -0.960929 0 0.276793
    outer loop
      vertex 38.8597 -17.35 25.2743
      vertex 38.9373 -14.35 25.5437
      vertex 38.8597 -14.35 25.2743
    endloop
  endfacet
  facet normal -0.960929 0 0.276793
    outer loop
      vertex 38.9373 -14.35 25.5437
      vertex 38.8597 -17.35 25.2743
      vertex 38.9373 -17.35 25.5437
    endloop
  endfacet
  facet normal -0.960929 0 0.276793
    outer loop
      vertex 38.8597 14.35 25.2743
      vertex 38.9373 17.35 25.5437
      vertex 38.8597 17.35 25.2743
    endloop
  endfacet
  facet normal -0.960929 0 0.276793
    outer loop
      vertex 38.9373 17.35 25.5437
      vertex 38.8597 14.35 25.2743
      vertex 38.9373 14.35 25.5437
    endloop
  endfacet
  facet normal -0.167637 0 0.985849
    outer loop
      vertex 36.7799 -14.35 23.6157
      vertex 37.0563 -17.35 23.6627
      vertex 37.0563 -14.35 23.6627
    endloop
  endfacet
  facet normal -0.167637 0 0.985849
    outer loop
      vertex 37.0563 -17.35 23.6627
      vertex 36.7799 -14.35 23.6157
      vertex 36.7799 -17.35 23.6157
    endloop
  endfacet
  facet normal -0.167637 0 0.985849
    outer loop
      vertex 36.7799 17.35 23.6157
      vertex 37.0563 14.35 23.6627
      vertex 37.0563 17.35 23.6627
    endloop
  endfacet
  facet normal -0.167637 0 0.985849
    outer loop
      vertex 37.0563 14.35 23.6627
      vertex 36.7799 17.35 23.6157
      vertex 36.7799 14.35 23.6157
    endloop
  endfacet
  facet normal -0.745754 0 0.666221
    outer loop
      vertex 38.2678 -17.35 24.3322
      vertex 38.4546 -14.35 24.5413
      vertex 38.2678 -14.35 24.3322
    endloop
  endfacet
  facet normal -0.745754 0 0.666221
    outer loop
      vertex 38.4546 -14.35 24.5413
      vertex 38.2678 -17.35 24.3322
      vertex 38.4546 -17.35 24.5413
    endloop
  endfacet
  facet normal -0.745754 0 0.666221
    outer loop
      vertex 38.2678 14.35 24.3322
      vertex 38.4546 17.35 24.5413
      vertex 38.2678 17.35 24.3322
    endloop
  endfacet
  facet normal -0.745754 0 0.666221
    outer loop
      vertex 38.4546 17.35 24.5413
      vertex 38.2678 14.35 24.3322
      vertex 38.4546 14.35 24.5413
    endloop
  endfacet
  facet normal -0.57867 0 0.815561
    outer loop
      vertex 37.8301 -14.35 23.9832
      vertex 38.0587 -17.35 24.1454
      vertex 38.0587 -14.35 24.1454
    endloop
  endfacet
  facet normal -0.57867 0 0.815561
    outer loop
      vertex 38.0587 -17.35 24.1454
      vertex 37.8301 -14.35 23.9832
      vertex 37.8301 -17.35 23.9832
    endloop
  endfacet
  facet normal -0.57867 0 0.815561
    outer loop
      vertex 37.8301 17.35 23.9832
      vertex 38.0587 14.35 24.1454
      vertex 38.0587 17.35 24.1454
    endloop
  endfacet
  facet normal -0.57867 0 0.815561
    outer loop
      vertex 38.0587 14.35 24.1454
      vertex 37.8301 17.35 23.9832
      vertex 37.8301 14.35 23.9832
    endloop
  endfacet
  facet normal 0.57867 0 0.815561
    outer loop
      vertex 34.9413 -14.35 24.1454
      vertex 35.1699 -17.35 23.9832
      vertex 35.1699 -14.35 23.9832
    endloop
  endfacet
  facet normal 0.57867 0 0.815561
    outer loop
      vertex 35.1699 -17.35 23.9832
      vertex 34.9413 -14.35 24.1454
      vertex 34.9413 -17.35 24.1454
    endloop
  endfacet
  facet normal 0.57867 0 0.815561
    outer loop
      vertex 34.9413 17.35 24.1454
      vertex 35.1699 14.35 23.9832
      vertex 35.1699 17.35 23.9832
    endloop
  endfacet
  facet normal 0.57867 0 0.815561
    outer loop
      vertex 35.1699 14.35 23.9832
      vertex 34.9413 17.35 24.1454
      vertex 34.9413 14.35 24.1454
    endloop
  endfacet
  facet normal 0.985849 -0 0.167637
    outer loop
      vertex 34.0157 -17.35 25.8201
      vertex 34.0627 -14.35 25.5437
      vertex 34.0157 -14.35 25.8201
    endloop
  endfacet
  facet normal 0.985849 0 0.167637
    outer loop
      vertex 34.0627 -14.35 25.5437
      vertex 34.0157 -17.35 25.8201
      vertex 34.0627 -17.35 25.5437
    endloop
  endfacet
  facet normal 0.985849 -0 0.167637
    outer loop
      vertex 34.0157 14.35 25.8201
      vertex 34.0627 17.35 25.5437
      vertex 34.0157 17.35 25.8201
    endloop
  endfacet
  facet normal 0.985849 0 0.167637
    outer loop
      vertex 34.0627 17.35 25.5437
      vertex 34.0157 14.35 25.8201
      vertex 34.0627 14.35 25.5437
    endloop
  endfacet
  facet normal 0.666221 0 0.745754
    outer loop
      vertex 34.7322 -14.35 24.3322
      vertex 34.9413 -17.35 24.1454
      vertex 34.9413 -14.35 24.1454
    endloop
  endfacet
  facet normal 0.666221 0 0.745754
    outer loop
      vertex 34.9413 -17.35 24.1454
      vertex 34.7322 -14.35 24.3322
      vertex 34.7322 -17.35 24.3322
    endloop
  endfacet
  facet normal 0.666221 0 0.745754
    outer loop
      vertex 34.7322 17.35 24.3322
      vertex 34.9413 14.35 24.1454
      vertex 34.9413 17.35 24.1454
    endloop
  endfacet
  facet normal 0.666221 0 0.745754
    outer loop
      vertex 34.9413 14.35 24.1454
      vertex 34.7322 17.35 24.3322
      vertex 34.7322 14.35 24.3322
    endloop
  endfacet
  facet normal 0.815561 -0 0.57867
    outer loop
      vertex 34.3832 -17.35 24.7699
      vertex 34.5454 -14.35 24.5413
      vertex 34.3832 -14.35 24.7699
    endloop
  endfacet
  facet normal 0.815561 0 0.57867
    outer loop
      vertex 34.5454 -14.35 24.5413
      vertex 34.3832 -17.35 24.7699
      vertex 34.5454 -17.35 24.5413
    endloop
  endfacet
  facet normal 0.815561 -0 0.57867
    outer loop
      vertex 34.3832 14.35 24.7699
      vertex 34.5454 17.35 24.5413
      vertex 34.3832 17.35 24.7699
    endloop
  endfacet
  facet normal 0.815561 0 0.57867
    outer loop
      vertex 34.5454 17.35 24.5413
      vertex 34.3832 14.35 24.7699
      vertex 34.5454 14.35 24.5413
    endloop
  endfacet
  facet normal -0.985849 0 0.167637
    outer loop
      vertex 38.9373 -17.35 25.5437
      vertex 38.9843 -14.35 25.8201
      vertex 38.9373 -14.35 25.5437
    endloop
  endfacet
  facet normal -0.985849 0 0.167637
    outer loop
      vertex 38.9843 -14.35 25.8201
      vertex 38.9373 -17.35 25.5437
      vertex 38.9843 -17.35 25.8201
    endloop
  endfacet
  facet normal -0.985849 0 0.167637
    outer loop
      vertex 38.9373 14.35 25.5437
      vertex 38.9843 17.35 25.8201
      vertex 38.9373 17.35 25.5437
    endloop
  endfacet
  facet normal -0.985849 0 0.167637
    outer loop
      vertex 38.9843 17.35 25.8201
      vertex 38.9373 14.35 25.5437
      vertex 38.9843 14.35 25.8201
    endloop
  endfacet
  facet normal -0.998431 0 0.0560034
    outer loop
      vertex 38.9843 -17.35 25.8201
      vertex 39 -14.35 26.1
      vertex 38.9843 -14.35 25.8201
    endloop
  endfacet
  facet normal -0.998431 0 0.0560034
    outer loop
      vertex 39 -14.35 26.1
      vertex 38.9843 -17.35 25.8201
      vertex 39 -17.35 26.1
    endloop
  endfacet
  facet normal -0.998431 0 0.0560034
    outer loop
      vertex 38.9843 14.35 25.8201
      vertex 39 17.35 26.1
      vertex 38.9843 17.35 25.8201
    endloop
  endfacet
  facet normal -0.998431 0 0.0560034
    outer loop
      vertex 39 17.35 26.1
      vertex 38.9843 14.35 25.8201
      vertex 39 14.35 26.1
    endloop
  endfacet
  facet normal -0.923856 0 0.38274
    outer loop
      vertex 38.7524 -17.35 25.0153
      vertex 38.8597 -14.35 25.2743
      vertex 38.7524 -14.35 25.0153
    endloop
  endfacet
  facet normal -0.923856 0 0.38274
    outer loop
      vertex 38.8597 -14.35 25.2743
      vertex 38.7524 -17.35 25.0153
      vertex 38.8597 -17.35 25.2743
    endloop
  endfacet
  facet normal -0.923856 0 0.38274
    outer loop
      vertex 38.7524 14.35 25.0153
      vertex 38.8597 17.35 25.2743
      vertex 38.7524 17.35 25.0153
    endloop
  endfacet
  facet normal -0.923856 0 0.38274
    outer loop
      vertex 38.8597 17.35 25.2743
      vertex 38.7524 14.35 25.0153
      vertex 38.8597 14.35 25.2743
    endloop
  endfacet
  facet normal -0.875265 0 0.483643
    outer loop
      vertex 38.6168 -17.35 24.7699
      vertex 38.7524 -14.35 25.0153
      vertex 38.6168 -14.35 24.7699
    endloop
  endfacet
  facet normal -0.875265 0 0.483643
    outer loop
      vertex 38.7524 -14.35 25.0153
      vertex 38.6168 -17.35 24.7699
      vertex 38.7524 -17.35 25.0153
    endloop
  endfacet
  facet normal -0.875265 0 0.483643
    outer loop
      vertex 38.6168 14.35 24.7699
      vertex 38.7524 17.35 25.0153
      vertex 38.6168 17.35 24.7699
    endloop
  endfacet
  facet normal -0.875265 0 0.483643
    outer loop
      vertex 38.7524 17.35 25.0153
      vertex 38.6168 14.35 24.7699
      vertex 38.7524 14.35 25.0153
    endloop
  endfacet
  facet normal -0.276793 0 0.960929
    outer loop
      vertex 37.0563 -14.35 23.6627
      vertex 37.3257 -17.35 23.7403
      vertex 37.3257 -14.35 23.7403
    endloop
  endfacet
  facet normal -0.276793 0 0.960929
    outer loop
      vertex 37.3257 -17.35 23.7403
      vertex 37.0563 -14.35 23.6627
      vertex 37.0563 -17.35 23.6627
    endloop
  endfacet
  facet normal -0.276793 0 0.960929
    outer loop
      vertex 37.0563 17.35 23.6627
      vertex 37.3257 14.35 23.7403
      vertex 37.3257 17.35 23.7403
    endloop
  endfacet
  facet normal -0.276793 0 0.960929
    outer loop
      vertex 37.3257 14.35 23.7403
      vertex 37.0563 17.35 23.6627
      vertex 37.0563 14.35 23.6627
    endloop
  endfacet
  facet normal -0.38274 0 0.923856
    outer loop
      vertex 37.3257 -14.35 23.7403
      vertex 37.5847 -17.35 23.8476
      vertex 37.5847 -14.35 23.8476
    endloop
  endfacet
  facet normal -0.38274 0 0.923856
    outer loop
      vertex 37.5847 -17.35 23.8476
      vertex 37.3257 -14.35 23.7403
      vertex 37.3257 -17.35 23.7403
    endloop
  endfacet
  facet normal -0.38274 0 0.923856
    outer loop
      vertex 37.3257 17.35 23.7403
      vertex 37.5847 14.35 23.8476
      vertex 37.5847 17.35 23.8476
    endloop
  endfacet
  facet normal -0.38274 0 0.923856
    outer loop
      vertex 37.5847 14.35 23.8476
      vertex 37.3257 17.35 23.7403
      vertex 37.3257 14.35 23.7403
    endloop
  endfacet
  facet normal -0.483643 0 0.875265
    outer loop
      vertex 37.5847 -14.35 23.8476
      vertex 37.8301 -17.35 23.9832
      vertex 37.8301 -14.35 23.9832
    endloop
  endfacet
  facet normal -0.483643 0 0.875265
    outer loop
      vertex 37.8301 -17.35 23.9832
      vertex 37.5847 -14.35 23.8476
      vertex 37.5847 -17.35 23.8476
    endloop
  endfacet
  facet normal -0.483643 0 0.875265
    outer loop
      vertex 37.5847 17.35 23.8476
      vertex 37.8301 14.35 23.9832
      vertex 37.8301 17.35 23.9832
    endloop
  endfacet
  facet normal -0.483643 0 0.875265
    outer loop
      vertex 37.8301 14.35 23.9832
      vertex 37.5847 17.35 23.8476
      vertex 37.5847 14.35 23.8476
    endloop
  endfacet
  facet normal -0.666221 0 0.745754
    outer loop
      vertex 38.0587 -14.35 24.1454
      vertex 38.2678 -17.35 24.3322
      vertex 38.2678 -14.35 24.3322
    endloop
  endfacet
  facet normal -0.666221 0 0.745754
    outer loop
      vertex 38.2678 -17.35 24.3322
      vertex 38.0587 -14.35 24.1454
      vertex 38.0587 -17.35 24.1454
    endloop
  endfacet
  facet normal -0.666221 0 0.745754
    outer loop
      vertex 38.0587 17.35 24.1454
      vertex 38.2678 14.35 24.3322
      vertex 38.2678 17.35 24.3322
    endloop
  endfacet
  facet normal -0.666221 0 0.745754
    outer loop
      vertex 38.2678 14.35 24.3322
      vertex 38.0587 17.35 24.1454
      vertex 38.0587 14.35 24.1454
    endloop
  endfacet
  facet normal 0.0560034 0 0.998431
    outer loop
      vertex 36.2201 -14.35 23.6157
      vertex 36.5 -17.35 23.6
      vertex 36.5 -14.35 23.6
    endloop
  endfacet
  facet normal 0.0560034 0 0.998431
    outer loop
      vertex 36.5 -17.35 23.6
      vertex 36.2201 -14.35 23.6157
      vertex 36.2201 -17.35 23.6157
    endloop
  endfacet
  facet normal 0.0560034 0 0.998431
    outer loop
      vertex 36.2201 17.35 23.6157
      vertex 36.5 14.35 23.6
      vertex 36.5 17.35 23.6
    endloop
  endfacet
  facet normal 0.0560034 0 0.998431
    outer loop
      vertex 36.5 14.35 23.6
      vertex 36.2201 17.35 23.6157
      vertex 36.2201 14.35 23.6157
    endloop
  endfacet
  facet normal -0.0560034 0 0.998431
    outer loop
      vertex 36.5 -14.35 23.6
      vertex 36.7799 -17.35 23.6157
      vertex 36.7799 -14.35 23.6157
    endloop
  endfacet
  facet normal -0.0560034 0 0.998431
    outer loop
      vertex 36.7799 -17.35 23.6157
      vertex 36.5 -14.35 23.6
      vertex 36.5 -17.35 23.6
    endloop
  endfacet
  facet normal -0.0560034 0 0.998431
    outer loop
      vertex 36.5 17.35 23.6
      vertex 36.7799 14.35 23.6157
      vertex 36.7799 17.35 23.6157
    endloop
  endfacet
  facet normal -0.0560034 0 0.998431
    outer loop
      vertex 36.7799 14.35 23.6157
      vertex 36.5 17.35 23.6
      vertex 36.5 14.35 23.6
    endloop
  endfacet
  facet normal 0.38274 0 0.923856
    outer loop
      vertex 35.4153 -14.35 23.8476
      vertex 35.6743 -17.35 23.7403
      vertex 35.6743 -14.35 23.7403
    endloop
  endfacet
  facet normal 0.38274 0 0.923856
    outer loop
      vertex 35.6743 -17.35 23.7403
      vertex 35.4153 -14.35 23.8476
      vertex 35.4153 -17.35 23.8476
    endloop
  endfacet
  facet normal 0.38274 0 0.923856
    outer loop
      vertex 35.4153 17.35 23.8476
      vertex 35.6743 14.35 23.7403
      vertex 35.6743 17.35 23.7403
    endloop
  endfacet
  facet normal 0.38274 0 0.923856
    outer loop
      vertex 35.6743 14.35 23.7403
      vertex 35.4153 17.35 23.8476
      vertex 35.4153 14.35 23.8476
    endloop
  endfacet
  facet normal 0.276793 0 0.960929
    outer loop
      vertex 35.6743 -14.35 23.7403
      vertex 35.9437 -17.35 23.6627
      vertex 35.9437 -14.35 23.6627
    endloop
  endfacet
  facet normal 0.276793 0 0.960929
    outer loop
      vertex 35.9437 -17.35 23.6627
      vertex 35.6743 -14.35 23.7403
      vertex 35.6743 -17.35 23.7403
    endloop
  endfacet
  facet normal 0.276793 0 0.960929
    outer loop
      vertex 35.6743 17.35 23.7403
      vertex 35.9437 14.35 23.6627
      vertex 35.9437 17.35 23.6627
    endloop
  endfacet
  facet normal 0.276793 0 0.960929
    outer loop
      vertex 35.9437 14.35 23.6627
      vertex 35.6743 17.35 23.7403
      vertex 35.6743 14.35 23.7403
    endloop
  endfacet
  facet normal 0.483643 0 0.875265
    outer loop
      vertex 35.1699 -14.35 23.9832
      vertex 35.4153 -17.35 23.8476
      vertex 35.4153 -14.35 23.8476
    endloop
  endfacet
  facet normal 0.483643 0 0.875265
    outer loop
      vertex 35.4153 -17.35 23.8476
      vertex 35.1699 -14.35 23.9832
      vertex 35.1699 -17.35 23.9832
    endloop
  endfacet
  facet normal 0.483643 0 0.875265
    outer loop
      vertex 35.1699 17.35 23.9832
      vertex 35.4153 14.35 23.8476
      vertex 35.4153 17.35 23.8476
    endloop
  endfacet
  facet normal 0.483643 0 0.875265
    outer loop
      vertex 35.4153 14.35 23.8476
      vertex 35.1699 17.35 23.9832
      vertex 35.1699 14.35 23.9832
    endloop
  endfacet
  facet normal 0.923856 -0 0.38274
    outer loop
      vertex 34.1403 -17.35 25.2743
      vertex 34.2476 -14.35 25.0153
      vertex 34.1403 -14.35 25.2743
    endloop
  endfacet
  facet normal 0.923856 0 0.38274
    outer loop
      vertex 34.2476 -14.35 25.0153
      vertex 34.1403 -17.35 25.2743
      vertex 34.2476 -17.35 25.0153
    endloop
  endfacet
  facet normal 0.923856 -0 0.38274
    outer loop
      vertex 34.1403 14.35 25.2743
      vertex 34.2476 17.35 25.0153
      vertex 34.1403 17.35 25.2743
    endloop
  endfacet
  facet normal 0.923856 0 0.38274
    outer loop
      vertex 34.2476 17.35 25.0153
      vertex 34.1403 14.35 25.2743
      vertex 34.2476 14.35 25.0153
    endloop
  endfacet
  facet normal 0.875265 -0 0.483643
    outer loop
      vertex 34.2476 -17.35 25.0153
      vertex 34.3832 -14.35 24.7699
      vertex 34.2476 -14.35 25.0153
    endloop
  endfacet
  facet normal 0.875265 0 0.483643
    outer loop
      vertex 34.3832 -14.35 24.7699
      vertex 34.2476 -17.35 25.0153
      vertex 34.3832 -17.35 24.7699
    endloop
  endfacet
  facet normal 0.875265 -0 0.483643
    outer loop
      vertex 34.2476 14.35 25.0153
      vertex 34.3832 17.35 24.7699
      vertex 34.2476 17.35 25.0153
    endloop
  endfacet
  facet normal 0.875265 0 0.483643
    outer loop
      vertex 34.3832 17.35 24.7699
      vertex 34.2476 14.35 25.0153
      vertex 34.3832 14.35 24.7699
    endloop
  endfacet
  facet normal 0.960929 -0 0.276793
    outer loop
      vertex 34.0627 -17.35 25.5437
      vertex 34.1403 -14.35 25.2743
      vertex 34.0627 -14.35 25.5437
    endloop
  endfacet
  facet normal 0.960929 0 0.276793
    outer loop
      vertex 34.1403 -14.35 25.2743
      vertex 34.0627 -17.35 25.5437
      vertex 34.1403 -17.35 25.2743
    endloop
  endfacet
  facet normal 0.960929 -0 0.276793
    outer loop
      vertex 34.0627 14.35 25.5437
      vertex 34.1403 17.35 25.2743
      vertex 34.0627 17.35 25.5437
    endloop
  endfacet
  facet normal 0.960929 0 0.276793
    outer loop
      vertex 34.1403 17.35 25.2743
      vertex 34.0627 14.35 25.5437
      vertex 34.1403 14.35 25.2743
    endloop
  endfacet
  facet normal 0.745754 -0 0.666221
    outer loop
      vertex 34.5454 -17.35 24.5413
      vertex 34.7322 -14.35 24.3322
      vertex 34.5454 -14.35 24.5413
    endloop
  endfacet
  facet normal 0.745754 0 0.666221
    outer loop
      vertex 34.7322 -14.35 24.3322
      vertex 34.5454 -17.35 24.5413
      vertex 34.7322 -17.35 24.3322
    endloop
  endfacet
  facet normal 0.745754 -0 0.666221
    outer loop
      vertex 34.5454 14.35 24.5413
      vertex 34.7322 17.35 24.3322
      vertex 34.5454 17.35 24.5413
    endloop
  endfacet
  facet normal 0.745754 0 0.666221
    outer loop
      vertex 34.7322 17.35 24.3322
      vertex 34.5454 14.35 24.5413
      vertex 34.7322 14.35 24.3322
    endloop
  endfacet
  facet normal -1 0 0
    outer loop
      vertex -68.5 -17.35 0
      vertex -68.5 17.35 26.1
      vertex -68.5 17.35 0
    endloop
  endfacet
  facet normal -1 -0 0
    outer loop
      vertex -68.5 17.35 26.1
      vertex -68.5 -17.35 0
      vertex -68.5 -17.35 26.1
    endloop
  endfacet
  facet normal 0 0 1
    outer loop
      vertex 68.5 -14.35 26.1
      vertex 71.5 -11 26.1
      vertex 68.5 -11 26.1
    endloop
  endfacet
  facet normal 0 0 1
    outer loop
      vertex 71.5 -11 26.1
      vertex 68.5 -14.35 26.1
      vertex 71.5 -17.35 26.1
    endloop
  endfacet
  facet normal 0 0 1
    outer loop
      vertex 39 -17.35 26.1
      vertex 68.5 -14.35 26.1
      vertex 39 -14.35 26.1
    endloop
  endfacet
  facet normal 0 0 1
    outer loop
      vertex 68.5 -14.35 26.1
      vertex 39 -17.35 26.1
      vertex 71.5 -17.35 26.1
    endloop
  endfacet
  facet normal 0 0 1
    outer loop
      vertex -36 17.35 26.1
      vertex -65.5 14.35 26.1
      vertex -36 14.35 26.1
    endloop
  endfacet
  facet normal 0 0 1
    outer loop
      vertex -65.5 14.35 26.1
      vertex -68.5 17.35 26.1
      vertex -65.5 -14.35 26.1
    endloop
  endfacet
  facet normal -0 0 1
    outer loop
      vertex -68.5 17.35 26.1
      vertex -65.5 14.35 26.1
      vertex -36 17.35 26.1
    endloop
  endfacet
  facet normal -0 0 1
    outer loop
      vertex -65.5 -14.35 26.1
      vertex -36 -17.35 26.1
      vertex -36 -14.35 26.1
    endloop
  endfacet
  facet normal 0 0 1
    outer loop
      vertex -65.5 -14.35 26.1
      vertex -68.5 -17.35 26.1
      vertex -36 -17.35 26.1
    endloop
  endfacet
  facet normal 0 0 1
    outer loop
      vertex -68.5 -17.35 26.1
      vertex -65.5 -14.35 26.1
      vertex -68.5 17.35 26.1
    endloop
  endfacet
  facet normal 0 0 1
    outer loop
      vertex 71.5 17.35 26.1
      vertex 68.5 14.35 26.1
      vertex 71.5 11 26.1
    endloop
  endfacet
  facet normal -0 0 1
    outer loop
      vertex 39 17.35 26.1
      vertex 68.5 14.35 26.1
      vertex 71.5 17.35 26.1
    endloop
  endfacet
  facet normal 0 0 1
    outer loop
      vertex 68.5 14.35 26.1
      vertex 39 17.35 26.1
      vertex 39 14.35 26.1
    endloop
  endfacet
  facet normal 0 0 1
    outer loop
      vertex 71.5 11 26.1
      vertex 68.5 14.35 26.1
      vertex 68.5 11 26.1
    endloop
  endfacet
  facet normal -0 0 1
    outer loop
      vertex -31 -14.35 26.1
      vertex 34 -17.35 26.1
      vertex 34 -14.35 26.1
    endloop
  endfacet
  facet normal 0 0 1
    outer loop
      vertex 34 -17.35 26.1
      vertex -31 -14.35 26.1
      vertex -31 -17.35 26.1
    endloop
  endfacet
  facet normal -0 0 1
    outer loop
      vertex -31 17.35 26.1
      vertex 34 14.35 26.1
      vertex 34 17.35 26.1
    endloop
  endfacet
  facet normal 0 0 1
    outer loop
      vertex 34 14.35 26.1
      vertex -31 17.35 26.1
      vertex -31 14.35 26.1
    endloop
  endfacet
  facet normal 1 0 0
    outer loop
      vertex 71.5 -11 26.1
      vertex 71.5 -17.35 26.1
      vertex 71.5 -11 15.5
    endloop
  endfacet
  facet normal 1 0 0
    outer loop
      vertex 71.5 11 15.5
      vertex 71.5 17.35 26.1
      vertex 71.5 11 26.1
    endloop
  endfacet
  facet normal 1 0 0
    outer loop
      vertex 71.5 17.35 26.1
      vertex 71.5 11 15.5
      vertex 71.5 17.35 0
    endloop
  endfacet
  facet normal 1 -0 0
    outer loop
      vertex 71.5 -11 15.5
      vertex 71.5 17.35 0
      vertex 71.5 11 15.5
    endloop
  endfacet
  facet normal 1 0 0
    outer loop
      vertex 71.5 -11 15.5
      vertex 71.5 -17.35 0
      vertex 71.5 17.35 0
    endloop
  endfacet
  facet normal 1 0 0
    outer loop
      vertex 71.5 -17.35 0
      vertex 71.5 -11 15.5
      vertex 71.5 -17.35 26.1
    endloop
  endfacet
  facet normal 0 0 -1
    outer loop
      vertex 71.5 -17.35 0
      vertex 42.7 0 0
      vertex 71.5 17.35 0
    endloop
  endfacet
  facet normal 0 0 -1
    outer loop
      vertex 71.5 -17.35 0
      vertex 42.683 -0.302303 0
      vertex 42.7 0 0
    endloop
  endfacet
  facet normal 0 0 -1
    outer loop
      vertex 71.5 -17.35 0
      vertex 42.6323 -0.600806 0
      vertex 42.683 -0.302303 0
    endloop
  endfacet
  facet normal 0 0 -1
    outer loop
      vertex 71.5 -17.35 0
      vertex 42.5485 -0.891753 0
      vertex 42.6323 -0.600806 0
    endloop
  endfacet
  facet normal 0 0 -1
    outer loop
      vertex 71.5 -17.35 0
      vertex 42.4326 -1.17149 0
      vertex 42.5485 -0.891753 0
    endloop
  endfacet
  facet normal 0 0 -1
    outer loop
      vertex 71.5 -17.35 0
      vertex 42.2862 -1.43649 0
      vertex 42.4326 -1.17149 0
    endloop
  endfacet
  facet normal 0 0 -1
    outer loop
      vertex 71.5 -17.35 0
      vertex 42.1109 -1.68342 0
      vertex 42.2862 -1.43649 0
    endloop
  endfacet
  facet normal 0 0 -1
    outer loop
      vertex 71.5 -17.35 0
      vertex 41.9092 -1.90919 0
      vertex 42.1109 -1.68342 0
    endloop
  endfacet
  facet normal 0 0 -1
    outer loop
      vertex 71.5 -17.35 0
      vertex 41.6834 -2.11094 0
      vertex 41.9092 -1.90919 0
    endloop
  endfacet
  facet normal 0 0 -1
    outer loop
      vertex 71.5 -17.35 0
      vertex 41.4365 -2.28615 0
      vertex 41.6834 -2.11094 0
    endloop
  endfacet
  facet normal 0 0 -1
    outer loop
      vertex 71.5 -17.35 0
      vertex 41.1715 -2.43262 0
      vertex 41.4365 -2.28615 0
    endloop
  endfacet
  facet normal 0 0 -1
    outer loop
      vertex 71.5 -17.35 0
      vertex 40.8918 -2.54848 0
      vertex 41.1715 -2.43262 0
    endloop
  endfacet
  facet normal 0 0 -1
    outer loop
      vertex 71.5 -17.35 0
      vertex 40.6008 -2.63231 0
      vertex 40.8918 -2.54848 0
    endloop
  endfacet
  facet normal 0 0 -1
    outer loop
      vertex 71.5 -17.35 0
      vertex 40.3023 -2.68302 0
      vertex 40.6008 -2.63231 0
    endloop
  endfacet
  facet normal 0 0 -1
    outer loop
      vertex 71.5 -17.35 0
      vertex 40 -2.7 0
      vertex 40.3023 -2.68302 0
    endloop
  endfacet
  facet normal 0 0 -1
    outer loop
      vertex 71.5 -17.35 0
      vertex 39.6977 -2.68302 0
      vertex 40 -2.7 0
    endloop
  endfacet
  facet normal 0 0 -1
    outer loop
      vertex 71.5 -17.35 0
      vertex 39.3992 -2.63231 0
      vertex 39.6977 -2.68302 0
    endloop
  endfacet
  facet normal 0 0 -1
    outer loop
      vertex 71.5 -17.35 0
      vertex 39.1082 -2.54848 0
      vertex 39.3992 -2.63231 0
    endloop
  endfacet
  facet normal 0 0 -1
    outer loop
      vertex -68.5 -17.35 0
      vertex 39.1082 -2.54848 0
      vertex 71.5 -17.35 0
    endloop
  endfacet
  facet normal 0 0 -1
    outer loop
      vertex 37.317 -0.302303 0
      vertex -37.3 0 0
      vertex 37.3 0 0
    endloop
  endfacet
  facet normal 0 0 -1
    outer loop
      vertex -37.317 -0.302303 0
      vertex 37.317 -0.302303 0
      vertex 37.3677 -0.600806 0
    endloop
  endfacet
  facet normal 0 0 -1
    outer loop
      vertex -37.3677 -0.600806 0
      vertex 37.3677 -0.600806 0
      vertex 37.4515 -0.891753 0
    endloop
  endfacet
  facet normal 0 0 -1
    outer loop
      vertex -37.4515 -0.891753 0
      vertex 37.4515 -0.891753 0
      vertex 37.5674 -1.17149 0
    endloop
  endfacet
  facet normal 0 0 -1
    outer loop
      vertex -37.5674 -1.17149 0
      vertex 37.5674 -1.17149 0
      vertex 37.7138 -1.43649 0
    endloop
  endfacet
  facet normal 0 0 -1
    outer loop
      vertex -37.7138 -1.43649 0
      vertex 37.7138 -1.43649 0
      vertex 37.8891 -1.68342 0
    endloop
  endfacet
  facet normal 0 0 -1
    outer loop
      vertex -37.8891 -1.68342 0
      vertex 37.8891 -1.68342 0
      vertex 38.0908 -1.90919 0
    endloop
  endfacet
  facet normal 0 0 -1
    outer loop
      vertex -38.0908 -1.90919 0
      vertex 38.0908 -1.90919 0
      vertex 38.3166 -2.11094 0
    endloop
  endfacet
  facet normal 0 0 -1
    outer loop
      vertex -38.3166 -2.11094 0
      vertex 38.3166 -2.11094 0
      vertex 38.5635 -2.28615 0
    endloop
  endfacet
  facet normal 0 0 -1
    outer loop
      vertex -38.5635 -2.28615 0
      vertex 38.5635 -2.28615 0
      vertex 38.8285 -2.43262 0
    endloop
  endfacet
  facet normal 0 -0 -1
    outer loop
      vertex -39.1082 -2.54848 0
      vertex 39.1082 -2.54848 0
      vertex -68.5 -17.35 0
    endloop
  endfacet
  facet normal 0 0 -1
    outer loop
      vertex 37.317 -0.302303 0
      vertex -37.317 -0.302303 0
      vertex -37.3 0 0
    endloop
  endfacet
  facet normal 0 0 -1
    outer loop
      vertex 37.3677 -0.600806 0
      vertex -37.3677 -0.600806 0
      vertex -37.317 -0.302303 0
    endloop
  endfacet
  facet normal 0 0 -1
    outer loop
      vertex 37.4515 -0.891753 0
      vertex -37.4515 -0.891753 0
      vertex -37.3677 -0.600806 0
    endloop
  endfacet
  facet normal 0 0 -1
    outer loop
      vertex 37.5674 -1.17149 0
      vertex -37.5674 -1.17149 0
      vertex -37.4515 -0.891753 0
    endloop
  endfacet
  facet normal 0 0 -1
    outer loop
      vertex 37.7138 -1.43649 0
      vertex -37.7138 -1.43649 0
      vertex -37.5674 -1.17149 0
    endloop
  endfacet
  facet normal 0 0 -1
    outer loop
      vertex 37.8891 -1.68342 0
      vertex -37.8891 -1.68342 0
      vertex -37.7138 -1.43649 0
    endloop
  endfacet
  facet normal 0 0 -1
    outer loop
      vertex 38.0908 -1.90919 0
      vertex -38.0908 -1.90919 0
      vertex -37.8891 -1.68342 0
    endloop
  endfacet
  facet normal 0 0 -1
    outer loop
      vertex 38.3166 -2.11094 0
      vertex -38.3166 -2.11094 0
      vertex -38.0908 -1.90919 0
    endloop
  endfacet
  facet normal 0 0 -1
    outer loop
      vertex 38.5635 -2.28615 0
      vertex -38.5635 -2.28615 0
      vertex -38.3166 -2.11094 0
    endloop
  endfacet
  facet normal 0 0 -1
    outer loop
      vertex 38.8285 -2.43262 0
      vertex -38.8285 -2.43262 0
      vertex -38.5635 -2.28615 0
    endloop
  endfacet
  facet normal -0 0 -1
    outer loop
      vertex 38.8285 -2.43262 0
      vertex -39.1082 -2.54848 0
      vertex -38.8285 -2.43262 0
    endloop
  endfacet
  facet normal 0 0 -1
    outer loop
      vertex 39.1082 -2.54848 0
      vertex -39.1082 -2.54848 0
      vertex 38.8285 -2.43262 0
    endloop
  endfacet
  facet normal 0 0 -1
    outer loop
      vertex -39.1082 -2.54848 0
      vertex -68.5 -17.35 0
      vertex -39.3992 -2.63231 0
    endloop
  endfacet
  facet normal 0 0 -1
    outer loop
      vertex -39.3992 -2.63231 0
      vertex -68.5 -17.35 0
      vertex -39.6977 -2.68302 0
    endloop
  endfacet
  facet normal 0 0 -1
    outer loop
      vertex -39.6977 -2.68302 0
      vertex -68.5 -17.35 0
      vertex -40 -2.7 0
    endloop
  endfacet
  facet normal -0 0 -1
    outer loop
      vertex -42.683 -0.302303 0
      vertex -68.5 -17.35 0
      vertex -42.7 0 0
    endloop
  endfacet
  facet normal -0 0 -1
    outer loop
      vertex -42.6323 -0.600806 0
      vertex -68.5 -17.35 0
      vertex -42.683 -0.302303 0
    endloop
  endfacet
  facet normal -0 0 -1
    outer loop
      vertex -42.5485 -0.891753 0
      vertex -68.5 -17.35 0
      vertex -42.6323 -0.600806 0
    endloop
  endfacet
  facet normal -0 0 -1
    outer loop
      vertex -42.4326 -1.17149 0
      vertex -68.5 -17.35 0
      vertex -42.5485 -0.891753 0
    endloop
  endfacet
  facet normal -0 0 -1
    outer loop
      vertex -42.2862 -1.43649 0
      vertex -68.5 -17.35 0
      vertex -42.4326 -1.17149 0
    endloop
  endfacet
  facet normal -0 0 -1
    outer loop
      vertex -42.1109 -1.68342 0
      vertex -68.5 -17.35 0
      vertex -42.2862 -1.43649 0
    endloop
  endfacet
  facet normal -0 0 -1
    outer loop
      vertex -41.9092 -1.90919 0
      vertex -68.5 -17.35 0
      vertex -42.1109 -1.68342 0
    endloop
  endfacet
  facet normal -0 0 -1
    outer loop
      vertex -41.6834 -2.11094 0
      vertex -68.5 -17.35 0
      vertex -41.9092 -1.90919 0
    endloop
  endfacet
  facet normal -0 0 -1
    outer loop
      vertex -41.4365 -2.28615 0
      vertex -68.5 -17.35 0
      vertex -41.6834 -2.11094 0
    endloop
  endfacet
  facet normal -0 0 -1
    outer loop
      vertex -41.1715 -2.43262 0
      vertex -68.5 -17.35 0
      vertex -41.4365 -2.28615 0
    endloop
  endfacet
  facet normal -0 0 -1
    outer loop
      vertex -40.8918 -2.54848 0
      vertex -68.5 -17.35 0
      vertex -41.1715 -2.43262 0
    endloop
  endfacet
  facet normal -0 0 -1
    outer loop
      vertex -40.6008 -2.63231 0
      vertex -68.5 -17.35 0
      vertex -40.8918 -2.54848 0
    endloop
  endfacet
  facet normal -0 0 -1
    outer loop
      vertex -40.3023 -2.68302 0
      vertex -68.5 -17.35 0
      vertex -40.6008 -2.63231 0
    endloop
  endfacet
  facet normal -0 0 -1
    outer loop
      vertex -40 -2.7 0
      vertex -68.5 -17.35 0
      vertex -40.3023 -2.68302 0
    endloop
  endfacet
  facet normal 0 0 -1
    outer loop
      vertex 42.683 0.302303 0
      vertex 71.5 17.35 0
      vertex 42.7 0 0
    endloop
  endfacet
  facet normal 0 0 -1
    outer loop
      vertex 42.6323 0.600806 0
      vertex 71.5 17.35 0
      vertex 42.683 0.302303 0
    endloop
  endfacet
  facet normal 0 0 -1
    outer loop
      vertex 42.5485 0.891753 0
      vertex 71.5 17.35 0
      vertex 42.6323 0.600806 0
    endloop
  endfacet
  facet normal 0 0 -1
    outer loop
      vertex 42.4326 1.17149 0
      vertex 71.5 17.35 0
      vertex 42.5485 0.891753 0
    endloop
  endfacet
  facet normal 0 0 -1
    outer loop
      vertex 42.2862 1.43649 0
      vertex 71.5 17.35 0
      vertex 42.4326 1.17149 0
    endloop
  endfacet
  facet normal 0 0 -1
    outer loop
      vertex 42.1109 1.68342 0
      vertex 71.5 17.35 0
      vertex 42.2862 1.43649 0
    endloop
  endfacet
  facet normal 0 0 -1
    outer loop
      vertex 41.9092 1.90919 0
      vertex 71.5 17.35 0
      vertex 42.1109 1.68342 0
    endloop
  endfacet
  facet normal 0 0 -1
    outer loop
      vertex 41.6834 2.11094 0
      vertex 71.5 17.35 0
      vertex 41.9092 1.90919 0
    endloop
  endfacet
  facet normal 0 0 -1
    outer loop
      vertex 41.4365 2.28615 0
      vertex 71.5 17.35 0
      vertex 41.6834 2.11094 0
    endloop
  endfacet
  facet normal 0 0 -1
    outer loop
      vertex 41.1715 2.43262 0
      vertex 71.5 17.35 0
      vertex 41.4365 2.28615 0
    endloop
  endfacet
  facet normal 0 0 -1
    outer loop
      vertex 40.8918 2.54848 0
      vertex 71.5 17.35 0
      vertex 41.1715 2.43262 0
    endloop
  endfacet
  facet normal 0 0 -1
    outer loop
      vertex 40.6008 2.63231 0
      vertex 71.5 17.35 0
      vertex 40.8918 2.54848 0
    endloop
  endfacet
  facet normal 0 0 -1
    outer loop
      vertex 40.3023 2.68302 0
      vertex 71.5 17.35 0
      vertex 40.6008 2.63231 0
    endloop
  endfacet
  facet normal 0 0 -1
    outer loop
      vertex 40 2.7 0
      vertex 71.5 17.35 0
      vertex 40.3023 2.68302 0
    endloop
  endfacet
  facet normal 0 0 -1
    outer loop
      vertex 39.6977 2.68302 0
      vertex 71.5 17.35 0
      vertex 40 2.7 0
    endloop
  endfacet
  facet normal 0 0 -1
    outer loop
      vertex 39.3992 2.63231 0
      vertex 71.5 17.35 0
      vertex 39.6977 2.68302 0
    endloop
  endfacet
  facet normal 0 0 -1
    outer loop
      vertex 39.1082 2.54848 0
      vertex 71.5 17.35 0
      vertex 39.3992 2.63231 0
    endloop
  endfacet
  facet normal 0 0 -1
    outer loop
      vertex -39.1082 2.54848 0
      vertex 39.1082 2.54848 0
      vertex 38.8285 2.43262 0
    endloop
  endfacet
  facet normal 0 0 -1
    outer loop
      vertex -37.3 0 0
      vertex 37.317 0.302303 0
      vertex 37.3 0 0
    endloop
  endfacet
  facet normal 0 0 -1
    outer loop
      vertex -37.317 0.302303 0
      vertex 37.317 0.302303 0
      vertex -37.3 0 0
    endloop
  endfacet
  facet normal 0 0 -1
    outer loop
      vertex 37.317 0.302303 0
      vertex -37.317 0.302303 0
      vertex 37.3677 0.600806 0
    endloop
  endfacet
  facet normal 0 0 -1
    outer loop
      vertex -37.3677 0.600806 0
      vertex 37.3677 0.600806 0
      vertex -37.317 0.302303 0
    endloop
  endfacet
  facet normal 0 0 -1
    outer loop
      vertex 37.3677 0.600806 0
      vertex -37.3677 0.600806 0
      vertex 37.4515 0.891753 0
    endloop
  endfacet
  facet normal 0 0 -1
    outer loop
      vertex -37.4515 0.891753 0
      vertex 37.4515 0.891753 0
      vertex -37.3677 0.600806 0
    endloop
  endfacet
  facet normal 0 0 -1
    outer loop
      vertex 37.4515 0.891753 0
      vertex -37.4515 0.891753 0
      vertex 37.5674 1.17149 0
    endloop
  endfacet
  facet normal 0 0 -1
    outer loop
      vertex -37.5674 1.17149 0
      vertex 37.5674 1.17149 0
      vertex -37.4515 0.891753 0
    endloop
  endfacet
  facet normal 0 0 -1
    outer loop
      vertex 37.5674 1.17149 0
      vertex -37.5674 1.17149 0
      vertex 37.7138 1.43649 0
    endloop
  endfacet
  facet normal 0 0 -1
    outer loop
      vertex -37.7138 1.43649 0
      vertex 37.7138 1.43649 0
      vertex -37.5674 1.17149 0
    endloop
  endfacet
  facet normal 0 0 -1
    outer loop
      vertex 37.7138 1.43649 0
      vertex -37.7138 1.43649 0
      vertex 37.8891 1.68342 0
    endloop
  endfacet
  facet normal 0 0 -1
    outer loop
      vertex -37.8891 1.68342 0
      vertex 37.8891 1.68342 0
      vertex -37.7138 1.43649 0
    endloop
  endfacet
  facet normal 0 0 -1
    outer loop
      vertex 37.8891 1.68342 0
      vertex -37.8891 1.68342 0
      vertex 38.0908 1.90919 0
    endloop
  endfacet
  facet normal 0 0 -1
    outer loop
      vertex -38.0908 1.90919 0
      vertex 38.0908 1.90919 0
      vertex -37.8891 1.68342 0
    endloop
  endfacet
  facet normal 0 0 -1
    outer loop
      vertex 38.0908 1.90919 0
      vertex -38.0908 1.90919 0
      vertex 38.3166 2.11094 0
    endloop
  endfacet
  facet normal 0 0 -1
    outer loop
      vertex -38.3166 2.11094 0
      vertex 38.3166 2.11094 0
      vertex -38.0908 1.90919 0
    endloop
  endfacet
  facet normal 0 0 -1
    outer loop
      vertex 38.3166 2.11094 0
      vertex -38.3166 2.11094 0
      vertex 38.5635 2.28615 0
    endloop
  endfacet
  facet normal 0 0 -1
    outer loop
      vertex -38.5635 2.28615 0
      vertex 38.5635 2.28615 0
      vertex -38.3166 2.11094 0
    endloop
  endfacet
  facet normal 0 0 -1
    outer loop
      vertex 38.5635 2.28615 0
      vertex -38.5635 2.28615 0
      vertex 38.8285 2.43262 0
    endloop
  endfacet
  facet normal 0 0 -1
    outer loop
      vertex -38.8285 2.43262 0
      vertex 38.8285 2.43262 0
      vertex -38.5635 2.28615 0
    endloop
  endfacet
  facet normal 0 0 -1
    outer loop
      vertex -39.1082 2.54848 0
      vertex 38.8285 2.43262 0
      vertex -38.8285 2.43262 0
    endloop
  endfacet
  facet normal 0 0 -1
    outer loop
      vertex 39.1082 2.54848 0
      vertex -39.1082 2.54848 0
      vertex -68.5 17.35 0
    endloop
  endfacet
  facet normal 0 0 -1
    outer loop
      vertex -68.5 17.35 0
      vertex -39.1082 2.54848 0
      vertex -39.3992 2.63231 0
    endloop
  endfacet
  facet normal 0 0 -1
    outer loop
      vertex -68.5 17.35 0
      vertex -39.3992 2.63231 0
      vertex -39.6977 2.68302 0
    endloop
  endfacet
  facet normal 0 0 -1
    outer loop
      vertex -68.5 17.35 0
      vertex -39.6977 2.68302 0
      vertex -40 2.7 0
    endloop
  endfacet
  facet normal 0 0 -1
    outer loop
      vertex -68.5 17.35 0
      vertex -40 2.7 0
      vertex -40.3023 2.68302 0
    endloop
  endfacet
  facet normal 0 0 -1
    outer loop
      vertex -68.5 17.35 0
      vertex -42.7 0 0
      vertex -68.5 -17.35 0
    endloop
  endfacet
  facet normal 0 0 -1
    outer loop
      vertex -42.7 0 0
      vertex -68.5 17.35 0
      vertex -42.683 0.302303 0
    endloop
  endfacet
  facet normal 0 0 -1
    outer loop
      vertex -42.683 0.302303 0
      vertex -68.5 17.35 0
      vertex -42.6323 0.600806 0
    endloop
  endfacet
  facet normal 0 0 -1
    outer loop
      vertex -42.6323 0.600806 0
      vertex -68.5 17.35 0
      vertex -42.5485 0.891753 0
    endloop
  endfacet
  facet normal 0 0 -1
    outer loop
      vertex -42.5485 0.891753 0
      vertex -68.5 17.35 0
      vertex -42.4326 1.17149 0
    endloop
  endfacet
  facet normal 0 0 -1
    outer loop
      vertex -42.4326 1.17149 0
      vertex -68.5 17.35 0
      vertex -42.2862 1.43649 0
    endloop
  endfacet
  facet normal 0 0 -1
    outer loop
      vertex -42.2862 1.43649 0
      vertex -68.5 17.35 0
      vertex -42.1109 1.68342 0
    endloop
  endfacet
  facet normal 0 0 -1
    outer loop
      vertex -42.1109 1.68342 0
      vertex -68.5 17.35 0
      vertex -41.9092 1.90919 0
    endloop
  endfacet
  facet normal 0 0 -1
    outer loop
      vertex 39.1082 2.54848 0
      vertex -68.5 17.35 0
      vertex 71.5 17.35 0
    endloop
  endfacet
  facet normal 0 0 -1
    outer loop
      vertex -40.6008 2.63231 0
      vertex -68.5 17.35 0
      vertex -40.3023 2.68302 0
    endloop
  endfacet
  facet normal 0 0 -1
    outer loop
      vertex -40.8918 2.54848 0
      vertex -68.5 17.35 0
      vertex -40.6008 2.63231 0
    endloop
  endfacet
  facet normal 0 0 -1
    outer loop
      vertex -41.1715 2.43262 0
      vertex -68.5 17.35 0
      vertex -40.8918 2.54848 0
    endloop
  endfacet
  facet normal 0 0 -1
    outer loop
      vertex -41.4365 2.28615 0
      vertex -68.5 17.35 0
      vertex -41.1715 2.43262 0
    endloop
  endfacet
  facet normal 0 0 -1
    outer loop
      vertex -41.6834 2.11094 0
      vertex -68.5 17.35 0
      vertex -41.4365 2.28615 0
    endloop
  endfacet
  facet normal 0 0 -1
    outer loop
      vertex -41.9092 1.90919 0
      vertex -68.5 17.35 0
      vertex -41.6834 2.11094 0
    endloop
  endfacet
  facet normal 0 -1 0
    outer loop
      vertex -68.5 -17.35 26.1
      vertex -35.9843 -17.35 25.8201
      vertex -36 -17.35 26.1
    endloop
  endfacet
  facet normal 0 -1 0
    outer loop
      vertex -68.5 -17.35 26.1
      vertex -35.9373 -17.35 25.5437
      vertex -35.9843 -17.35 25.8201
    endloop
  endfacet
  facet normal 0 -1 0
    outer loop
      vertex -68.5 -17.35 26.1
      vertex -35.8597 -17.35 25.2743
      vertex -35.9373 -17.35 25.5437
    endloop
  endfacet
  facet normal 0 -1 0
    outer loop
      vertex -68.5 -17.35 26.1
      vertex -35.7524 -17.35 25.0153
      vertex -35.8597 -17.35 25.2743
    endloop
  endfacet
  facet normal 0 -1 0
    outer loop
      vertex -68.5 -17.35 26.1
      vertex -35.6168 -17.35 24.7699
      vertex -35.7524 -17.35 25.0153
    endloop
  endfacet
  facet normal 0 -1 0
    outer loop
      vertex -68.5 -17.35 0
      vertex -35.6168 -17.35 24.7699
      vertex -68.5 -17.35 26.1
    endloop
  endfacet
  facet normal 0 -1 -0
    outer loop
      vertex -35.6168 -17.35 24.7699
      vertex -68.5 -17.35 0
      vertex -35.4546 -17.35 24.5413
    endloop
  endfacet
  facet normal 0 -1 -0
    outer loop
      vertex -35.4546 -17.35 24.5413
      vertex -68.5 -17.35 0
      vertex -35.2678 -17.35 24.3322
    endloop
  endfacet
  facet normal 0 -1 -0
    outer loop
      vertex -35.2678 -17.35 24.3322
      vertex -68.5 -17.35 0
      vertex -35.0587 -17.35 24.1454
    endloop
  endfacet
  facet normal 0 -1 -0
    outer loop
      vertex -35.0587 -17.35 24.1454
      vertex -68.5 -17.35 0
      vertex -34.8301 -17.35 23.9832
    endloop
  endfacet
  facet normal 0 -1 -0
    outer loop
      vertex -34.8301 -17.35 23.9832
      vertex -68.5 -17.35 0
      vertex -34.5847 -17.35 23.8476
    endloop
  endfacet
  facet normal 0 -1 -0
    outer loop
      vertex -34.5847 -17.35 23.8476
      vertex -68.5 -17.35 0
      vertex -34.3257 -17.35 23.7403
    endloop
  endfacet
  facet normal 0 -1 -0
    outer loop
      vertex -34.3257 -17.35 23.7403
      vertex -68.5 -17.35 0
      vertex -34.0563 -17.35 23.6627
    endloop
  endfacet
  facet normal 0 -1 0
    outer loop
      vertex 35.9437 -17.35 23.6627
      vertex 71.5 -17.35 0
      vertex 36.2201 -17.35 23.6157
    endloop
  endfacet
  facet normal 0 -1 -0
    outer loop
      vertex -33.7799 -17.35 23.6157
      vertex -68.5 -17.35 0
      vertex -33.5 -17.35 23.6
    endloop
  endfacet
  facet normal 0 -1 -0
    outer loop
      vertex -34.0563 -17.35 23.6627
      vertex -68.5 -17.35 0
      vertex -33.7799 -17.35 23.6157
    endloop
  endfacet
  facet normal 0 -1 0
    outer loop
      vertex -31.0157 -17.35 25.8201
      vertex 34 -17.35 26.1
      vertex -31 -17.35 26.1
    endloop
  endfacet
  facet normal 0 -1 0
    outer loop
      vertex -31.0157 -17.35 25.8201
      vertex 34.0157 -17.35 25.8201
      vertex 34 -17.35 26.1
    endloop
  endfacet
  facet normal 0 -1 0
    outer loop
      vertex -31.0627 -17.35 25.5437
      vertex 34.0157 -17.35 25.8201
      vertex -31.0157 -17.35 25.8201
    endloop
  endfacet
  facet normal 0 -1 0
    outer loop
      vertex -31.0627 -17.35 25.5437
      vertex 34.0627 -17.35 25.5437
      vertex 34.0157 -17.35 25.8201
    endloop
  endfacet
  facet normal 0 -1 0
    outer loop
      vertex -31.1403 -17.35 25.2743
      vertex 34.0627 -17.35 25.5437
      vertex -31.0627 -17.35 25.5437
    endloop
  endfacet
  facet normal 0 -1 0
    outer loop
      vertex -31.1403 -17.35 25.2743
      vertex 34.1403 -17.35 25.2743
      vertex 34.0627 -17.35 25.5437
    endloop
  endfacet
  facet normal 0 -1 0
    outer loop
      vertex -31.2476 -17.35 25.0153
      vertex 34.1403 -17.35 25.2743
      vertex -31.1403 -17.35 25.2743
    endloop
  endfacet
  facet normal 0 -1 0
    outer loop
      vertex -31.2476 -17.35 25.0153
      vertex 34.2476 -17.35 25.0153
      vertex 34.1403 -17.35 25.2743
    endloop
  endfacet
  facet normal 0 -1 0
    outer loop
      vertex -31.3832 -17.35 24.7699
      vertex 34.2476 -17.35 25.0153
      vertex -31.2476 -17.35 25.0153
    endloop
  endfacet
  facet normal 0 -1 0
    outer loop
      vertex -31.3832 -17.35 24.7699
      vertex 34.3832 -17.35 24.7699
      vertex 34.2476 -17.35 25.0153
    endloop
  endfacet
  facet normal 0 -1 0
    outer loop
      vertex -31.5454 -17.35 24.5413
      vertex 34.3832 -17.35 24.7699
      vertex -31.3832 -17.35 24.7699
    endloop
  endfacet
  facet normal 0 -1 0
    outer loop
      vertex -31.5454 -17.35 24.5413
      vertex 34.5454 -17.35 24.5413
      vertex 34.3832 -17.35 24.7699
    endloop
  endfacet
  facet normal 0 -1 0
    outer loop
      vertex -31.7322 -17.35 24.3322
      vertex 34.5454 -17.35 24.5413
      vertex -31.5454 -17.35 24.5413
    endloop
  endfacet
  facet normal 0 -1 0
    outer loop
      vertex -31.7322 -17.35 24.3322
      vertex 34.7322 -17.35 24.3322
      vertex 34.5454 -17.35 24.5413
    endloop
  endfacet
  facet normal 0 -1 0
    outer loop
      vertex -31.9413 -17.35 24.1454
      vertex 34.7322 -17.35 24.3322
      vertex -31.7322 -17.35 24.3322
    endloop
  endfacet
  facet normal 0 -1 0
    outer loop
      vertex -31.9413 -17.35 24.1454
      vertex 34.9413 -17.35 24.1454
      vertex 34.7322 -17.35 24.3322
    endloop
  endfacet
  facet normal 0 -1 0
    outer loop
      vertex -32.1699 -17.35 23.9832
      vertex 34.9413 -17.35 24.1454
      vertex -31.9413 -17.35 24.1454
    endloop
  endfacet
  facet normal 0 -1 0
    outer loop
      vertex -32.1699 -17.35 23.9832
      vertex 35.1699 -17.35 23.9832
      vertex 34.9413 -17.35 24.1454
    endloop
  endfacet
  facet normal 0 -1 0
    outer loop
      vertex -32.4153 -17.35 23.8476
      vertex 35.1699 -17.35 23.9832
      vertex -32.1699 -17.35 23.9832
    endloop
  endfacet
  facet normal 0 -1 0
    outer loop
      vertex -32.4153 -17.35 23.8476
      vertex 35.4153 -17.35 23.8476
      vertex 35.1699 -17.35 23.9832
    endloop
  endfacet
  facet normal 0 -1 0
    outer loop
      vertex -32.6743 -17.35 23.7403
      vertex 35.4153 -17.35 23.8476
      vertex -32.4153 -17.35 23.8476
    endloop
  endfacet
  facet normal 0 -1 0
    outer loop
      vertex -32.6743 -17.35 23.7403
      vertex 35.6743 -17.35 23.7403
      vertex 35.4153 -17.35 23.8476
    endloop
  endfacet
  facet normal 0 -1 0
    outer loop
      vertex -68.5 -17.35 0
      vertex -32.6743 -17.35 23.7403
      vertex -32.9437 -17.35 23.6627
    endloop
  endfacet
  facet normal 0 -1 -0
    outer loop
      vertex -32.6743 -17.35 23.7403
      vertex -68.5 -17.35 0
      vertex 35.6743 -17.35 23.7403
    endloop
  endfacet
  facet normal 0 -1 0
    outer loop
      vertex -68.5 -17.35 0
      vertex -32.9437 -17.35 23.6627
      vertex -33.2201 -17.35 23.6157
    endloop
  endfacet
  facet normal 0 -1 0
    outer loop
      vertex 71.5 -17.35 0
      vertex 35.6743 -17.35 23.7403
      vertex -68.5 -17.35 0
    endloop
  endfacet
  facet normal 0 -1 0
    outer loop
      vertex -68.5 -17.35 0
      vertex -33.2201 -17.35 23.6157
      vertex -33.5 -17.35 23.6
    endloop
  endfacet
  facet normal 0 -1 0
    outer loop
      vertex 35.6743 -17.35 23.7403
      vertex 71.5 -17.35 0
      vertex 35.9437 -17.35 23.6627
    endloop
  endfacet
  facet normal 0 -1 0
    outer loop
      vertex 38.9843 -17.35 25.8201
      vertex 71.5 -17.35 26.1
      vertex 39 -17.35 26.1
    endloop
  endfacet
  facet normal 0 -1 0
    outer loop
      vertex 38.9373 -17.35 25.5437
      vertex 71.5 -17.35 26.1
      vertex 38.9843 -17.35 25.8201
    endloop
  endfacet
  facet normal 0 -1 0
    outer loop
      vertex 38.8597 -17.35 25.2743
      vertex 71.5 -17.35 26.1
      vertex 38.9373 -17.35 25.5437
    endloop
  endfacet
  facet normal 0 -1 0
    outer loop
      vertex 38.7524 -17.35 25.0153
      vertex 71.5 -17.35 26.1
      vertex 38.8597 -17.35 25.2743
    endloop
  endfacet
  facet normal 0 -1 0
    outer loop
      vertex 38.6168 -17.35 24.7699
      vertex 71.5 -17.35 26.1
      vertex 38.7524 -17.35 25.0153
    endloop
  endfacet
  facet normal 0 -1 0
    outer loop
      vertex 71.5 -17.35 0
      vertex 38.6168 -17.35 24.7699
      vertex 38.4546 -17.35 24.5413
    endloop
  endfacet
  facet normal 0 -1 0
    outer loop
      vertex 71.5 -17.35 0
      vertex 38.4546 -17.35 24.5413
      vertex 38.2678 -17.35 24.3322
    endloop
  endfacet
  facet normal 0 -1 0
    outer loop
      vertex 71.5 -17.35 0
      vertex 38.2678 -17.35 24.3322
      vertex 38.0587 -17.35 24.1454
    endloop
  endfacet
  facet normal 0 -1 0
    outer loop
      vertex 71.5 -17.35 0
      vertex 38.0587 -17.35 24.1454
      vertex 37.8301 -17.35 23.9832
    endloop
  endfacet
  facet normal 0 -1 0
    outer loop
      vertex 71.5 -17.35 0
      vertex 37.8301 -17.35 23.9832
      vertex 37.5847 -17.35 23.8476
    endloop
  endfacet
  facet normal 0 -1 0
    outer loop
      vertex 71.5 -17.35 0
      vertex 37.5847 -17.35 23.8476
      vertex 37.3257 -17.35 23.7403
    endloop
  endfacet
  facet normal 0 -1 0
    outer loop
      vertex 71.5 -17.35 0
      vertex 37.3257 -17.35 23.7403
      vertex 37.0563 -17.35 23.6627
    endloop
  endfacet
  facet normal 0 -1 0
    outer loop
      vertex 71.5 -17.35 0
      vertex 37.0563 -17.35 23.6627
      vertex 36.7799 -17.35 23.6157
    endloop
  endfacet
  facet normal 0 -1 0
    outer loop
      vertex 36.2201 -17.35 23.6157
      vertex 71.5 -17.35 0
      vertex 36.5 -17.35 23.6
    endloop
  endfacet
  facet normal 0 -1 0
    outer loop
      vertex 36.5 -17.35 23.6
      vertex 71.5 -17.35 0
      vertex 36.7799 -17.35 23.6157
    endloop
  endfacet
  facet normal 0 -1 0
    outer loop
      vertex 38.6168 -17.35 24.7699
      vertex 71.5 -17.35 0
      vertex 71.5 -17.35 26.1
    endloop
  endfacet
  facet normal 0 1 0
    outer loop
      vertex 71.5 17.35 26.1
      vertex 38.9843 17.35 25.8201
      vertex 39 17.35 26.1
    endloop
  endfacet
  facet normal 0 1 0
    outer loop
      vertex 71.5 17.35 26.1
      vertex 38.9373 17.35 25.5437
      vertex 38.9843 17.35 25.8201
    endloop
  endfacet
  facet normal 0 1 0
    outer loop
      vertex 71.5 17.35 26.1
      vertex 38.8597 17.35 25.2743
      vertex 38.9373 17.35 25.5437
    endloop
  endfacet
  facet normal 0 1 0
    outer loop
      vertex 71.5 17.35 26.1
      vertex 38.7524 17.35 25.0153
      vertex 38.8597 17.35 25.2743
    endloop
  endfacet
  facet normal 0 1 0
    outer loop
      vertex 71.5 17.35 26.1
      vertex 38.6168 17.35 24.7699
      vertex 38.7524 17.35 25.0153
    endloop
  endfacet
  facet normal 0 1 -0
    outer loop
      vertex 71.5 17.35 0
      vertex 38.6168 17.35 24.7699
      vertex 71.5 17.35 26.1
    endloop
  endfacet
  facet normal 0 1 0
    outer loop
      vertex 38.6168 17.35 24.7699
      vertex 71.5 17.35 0
      vertex 38.4546 17.35 24.5413
    endloop
  endfacet
  facet normal 0 1 0
    outer loop
      vertex 38.4546 17.35 24.5413
      vertex 71.5 17.35 0
      vertex 38.2678 17.35 24.3322
    endloop
  endfacet
  facet normal 0 1 0
    outer loop
      vertex 38.2678 17.35 24.3322
      vertex 71.5 17.35 0
      vertex 38.0587 17.35 24.1454
    endloop
  endfacet
  facet normal 0 1 0
    outer loop
      vertex 38.0587 17.35 24.1454
      vertex 71.5 17.35 0
      vertex 37.8301 17.35 23.9832
    endloop
  endfacet
  facet normal 0 1 0
    outer loop
      vertex 37.8301 17.35 23.9832
      vertex 71.5 17.35 0
      vertex 37.5847 17.35 23.8476
    endloop
  endfacet
  facet normal 0 1 0
    outer loop
      vertex 37.5847 17.35 23.8476
      vertex 71.5 17.35 0
      vertex 37.3257 17.35 23.7403
    endloop
  endfacet
  facet normal 0 1 0
    outer loop
      vertex 37.3257 17.35 23.7403
      vertex 71.5 17.35 0
      vertex 37.0563 17.35 23.6627
    endloop
  endfacet
  facet normal 0 1 0
    outer loop
      vertex -32.9437 17.35 23.6627
      vertex -68.5 17.35 0
      vertex -33.2201 17.35 23.6157
    endloop
  endfacet
  facet normal 0 1 0
    outer loop
      vertex 36.7799 17.35 23.6157
      vertex 71.5 17.35 0
      vertex 36.5 17.35 23.6
    endloop
  endfacet
  facet normal 0 1 0
    outer loop
      vertex 37.0563 17.35 23.6627
      vertex 71.5 17.35 0
      vertex 36.7799 17.35 23.6157
    endloop
  endfacet
  facet normal 0 1 0
    outer loop
      vertex 34.0157 17.35 25.8201
      vertex -31 17.35 26.1
      vertex 34 17.35 26.1
    endloop
  endfacet
  facet normal 0 1 0
    outer loop
      vertex 34.0157 17.35 25.8201
      vertex -31.0157 17.35 25.8201
      vertex -31 17.35 26.1
    endloop
  endfacet
  facet normal 0 1 0
    outer loop
      vertex 34.0627 17.35 25.5437
      vertex -31.0157 17.35 25.8201
      vertex 34.0157 17.35 25.8201
    endloop
  endfacet
  facet normal 0 1 0
    outer loop
      vertex 34.0627 17.35 25.5437
      vertex -31.0627 17.35 25.5437
      vertex -31.0157 17.35 25.8201
    endloop
  endfacet
  facet normal 0 1 0
    outer loop
      vertex 34.1403 17.35 25.2743
      vertex -31.0627 17.35 25.5437
      vertex 34.0627 17.35 25.5437
    endloop
  endfacet
  facet normal 0 1 0
    outer loop
      vertex 34.1403 17.35 25.2743
      vertex -31.1403 17.35 25.2743
      vertex -31.0627 17.35 25.5437
    endloop
  endfacet
  facet normal 0 1 0
    outer loop
      vertex 34.2476 17.35 25.0153
      vertex -31.1403 17.35 25.2743
      vertex 34.1403 17.35 25.2743
    endloop
  endfacet
  facet normal 0 1 0
    outer loop
      vertex 34.2476 17.35 25.0153
      vertex -31.2476 17.35 25.0153
      vertex -31.1403 17.35 25.2743
    endloop
  endfacet
  facet normal 0 1 0
    outer loop
      vertex 34.3832 17.35 24.7699
      vertex -31.2476 17.35 25.0153
      vertex 34.2476 17.35 25.0153
    endloop
  endfacet
  facet normal 0 1 0
    outer loop
      vertex 34.3832 17.35 24.7699
      vertex -31.3832 17.35 24.7699
      vertex -31.2476 17.35 25.0153
    endloop
  endfacet
  facet normal 0 1 0
    outer loop
      vertex 34.5454 17.35 24.5413
      vertex -31.3832 17.35 24.7699
      vertex 34.3832 17.35 24.7699
    endloop
  endfacet
  facet normal 0 1 0
    outer loop
      vertex 34.5454 17.35 24.5413
      vertex -31.5454 17.35 24.5413
      vertex -31.3832 17.35 24.7699
    endloop
  endfacet
  facet normal 0 1 0
    outer loop
      vertex 34.7322 17.35 24.3322
      vertex -31.5454 17.35 24.5413
      vertex 34.5454 17.35 24.5413
    endloop
  endfacet
  facet normal 0 1 0
    outer loop
      vertex 34.7322 17.35 24.3322
      vertex -31.7322 17.35 24.3322
      vertex -31.5454 17.35 24.5413
    endloop
  endfacet
  facet normal 0 1 0
    outer loop
      vertex 34.9413 17.35 24.1454
      vertex -31.7322 17.35 24.3322
      vertex 34.7322 17.35 24.3322
    endloop
  endfacet
  facet normal 0 1 0
    outer loop
      vertex 34.9413 17.35 24.1454
      vertex -31.9413 17.35 24.1454
      vertex -31.7322 17.35 24.3322
    endloop
  endfacet
  facet normal 0 1 0
    outer loop
      vertex 35.1699 17.35 23.9832
      vertex -31.9413 17.35 24.1454
      vertex 34.9413 17.35 24.1454
    endloop
  endfacet
  facet normal 0 1 0
    outer loop
      vertex 35.1699 17.35 23.9832
      vertex -32.1699 17.35 23.9832
      vertex -31.9413 17.35 24.1454
    endloop
  endfacet
  facet normal 0 1 0
    outer loop
      vertex 35.4153 17.35 23.8476
      vertex -32.1699 17.35 23.9832
      vertex 35.1699 17.35 23.9832
    endloop
  endfacet
  facet normal 0 1 0
    outer loop
      vertex 35.4153 17.35 23.8476
      vertex -32.4153 17.35 23.8476
      vertex -32.1699 17.35 23.9832
    endloop
  endfacet
  facet normal 0 1 0
    outer loop
      vertex 35.6743 17.35 23.7403
      vertex -32.4153 17.35 23.8476
      vertex 35.4153 17.35 23.8476
    endloop
  endfacet
  facet normal 0 1 0
    outer loop
      vertex 35.6743 17.35 23.7403
      vertex -32.6743 17.35 23.7403
      vertex -32.4153 17.35 23.8476
    endloop
  endfacet
  facet normal 0 1 0
    outer loop
      vertex 71.5 17.35 0
      vertex 35.6743 17.35 23.7403
      vertex 35.9437 17.35 23.6627
    endloop
  endfacet
  facet normal 0 1 0
    outer loop
      vertex 35.6743 17.35 23.7403
      vertex 71.5 17.35 0
      vertex -32.6743 17.35 23.7403
    endloop
  endfacet
  facet normal 0 1 0
    outer loop
      vertex 71.5 17.35 0
      vertex 35.9437 17.35 23.6627
      vertex 36.2201 17.35 23.6157
    endloop
  endfacet
  facet normal 0 1 0
    outer loop
      vertex -68.5 17.35 0
      vertex -32.6743 17.35 23.7403
      vertex 71.5 17.35 0
    endloop
  endfacet
  facet normal 0 1 0
    outer loop
      vertex 71.5 17.35 0
      vertex 36.2201 17.35 23.6157
      vertex 36.5 17.35 23.6
    endloop
  endfacet
  facet normal 0 1 0
    outer loop
      vertex -32.6743 17.35 23.7403
      vertex -68.5 17.35 0
      vertex -32.9437 17.35 23.6627
    endloop
  endfacet
  facet normal 0 1 0
    outer loop
      vertex -35.9843 17.35 25.8201
      vertex -68.5 17.35 26.1
      vertex -36 17.35 26.1
    endloop
  endfacet
  facet normal 0 1 0
    outer loop
      vertex -35.9373 17.35 25.5437
      vertex -68.5 17.35 26.1
      vertex -35.9843 17.35 25.8201
    endloop
  endfacet
  facet normal 0 1 0
    outer loop
      vertex -35.8597 17.35 25.2743
      vertex -68.5 17.35 26.1
      vertex -35.9373 17.35 25.5437
    endloop
  endfacet
  facet normal 0 1 0
    outer loop
      vertex -35.7524 17.35 25.0153
      vertex -68.5 17.35 26.1
      vertex -35.8597 17.35 25.2743
    endloop
  endfacet
  facet normal 0 1 0
    outer loop
      vertex -35.6168 17.35 24.7699
      vertex -68.5 17.35 26.1
      vertex -35.7524 17.35 25.0153
    endloop
  endfacet
  facet normal 0 1 0
    outer loop
      vertex -68.5 17.35 0
      vertex -35.6168 17.35 24.7699
      vertex -35.4546 17.35 24.5413
    endloop
  endfacet
  facet normal 0 1 0
    outer loop
      vertex -68.5 17.35 0
      vertex -35.4546 17.35 24.5413
      vertex -35.2678 17.35 24.3322
    endloop
  endfacet
  facet normal 0 1 0
    outer loop
      vertex -68.5 17.35 0
      vertex -35.2678 17.35 24.3322
      vertex -35.0587 17.35 24.1454
    endloop
  endfacet
  facet normal 0 1 0
    outer loop
      vertex -68.5 17.35 0
      vertex -35.0587 17.35 24.1454
      vertex -34.8301 17.35 23.9832
    endloop
  endfacet
  facet normal 0 1 0
    outer loop
      vertex -68.5 17.35 0
      vertex -34.8301 17.35 23.9832
      vertex -34.5847 17.35 23.8476
    endloop
  endfacet
  facet normal 0 1 0
    outer loop
      vertex -68.5 17.35 0
      vertex -34.5847 17.35 23.8476
      vertex -34.3257 17.35 23.7403
    endloop
  endfacet
  facet normal 0 1 0
    outer loop
      vertex -68.5 17.35 0
      vertex -34.3257 17.35 23.7403
      vertex -34.0563 17.35 23.6627
    endloop
  endfacet
  facet normal 0 1 0
    outer loop
      vertex -68.5 17.35 0
      vertex -34.0563 17.35 23.6627
      vertex -33.7799 17.35 23.6157
    endloop
  endfacet
  facet normal 0 1 0
    outer loop
      vertex -33.2201 17.35 23.6157
      vertex -68.5 17.35 0
      vertex -33.5 17.35 23.6
    endloop
  endfacet
  facet normal 0 1 0
    outer loop
      vertex -33.5 17.35 23.6
      vertex -68.5 17.35 0
      vertex -33.7799 17.35 23.6157
    endloop
  endfacet
  facet normal 0 1 0
    outer loop
      vertex -35.6168 17.35 24.7699
      vertex -68.5 17.35 0
      vertex -68.5 17.35 26.1
    endloop
  endfacet
  facet normal 1 0 0
    outer loop
      vertex -65.5 14.35 26.1
      vertex -65.5 14.345 23
      vertex -65.5 14.35 23
    endloop
  endfacet
  facet normal 1 0 0
    outer loop
      vertex -65.5 14.345 23
      vertex -65.5 -14.345 23
      vertex -65.5 14.345 21.2
    endloop
  endfacet
  facet normal 1 0 0
    outer loop
      vertex -65.5 14.35 26.1
      vertex -65.5 -14.345 23
      vertex -65.5 14.345 23
    endloop
  endfacet
  facet normal 1 -0 0
    outer loop
      vertex -65.5 -14.35 26.1
      vertex -65.5 -14.345 23
      vertex -65.5 14.35 26.1
    endloop
  endfacet
  facet normal 1 0 0
    outer loop
      vertex -65.5 -14.345 23
      vertex -65.5 -14.35 26.1
      vertex -65.5 -14.35 23
    endloop
  endfacet
  facet normal 1 -0 0
    outer loop
      vertex -65.5 14.345 21.2
      vertex -65.5 14.35 6.5
      vertex -65.5 14.35 21.2
    endloop
  endfacet
  facet normal 1 0 0
    outer loop
      vertex -65.5 -14.345 21.2
      vertex -65.5 14.345 21.2
      vertex -65.5 -14.345 23
    endloop
  endfacet
  facet normal 1 0 0
    outer loop
      vertex -65.5 14.345 21.2
      vertex -65.5 -14.345 21.2
      vertex -65.5 14.35 6.5
    endloop
  endfacet
  facet normal 1 0 0
    outer loop
      vertex -65.5 -14.35 6.5
      vertex -65.5 -14.345 21.2
      vertex -65.5 -14.35 21.2
    endloop
  endfacet
  facet normal 1 0 0
    outer loop
      vertex -65.5 -14.345 21.2
      vertex -65.5 -14.35 6.5
      vertex -65.5 14.35 6.5
    endloop
  endfacet
  facet normal -1 0 0
    outer loop
      vertex 68.5 11 15.5
      vertex 68.5 14.35 21.2
      vertex 68.5 14.35 6.5
    endloop
  endfacet
  facet normal -1 0 0
    outer loop
      vertex 68.5 11 26.1
      vertex 68.5 14.345 21.2
      vertex 68.5 11 15.5
    endloop
  endfacet
  facet normal -1 -0 0
    outer loop
      vertex 68.5 14.35 21.2
      vertex 68.5 11 15.5
      vertex 68.5 14.345 21.2
    endloop
  endfacet
  facet normal -1 0 0
    outer loop
      vertex 68.5 14.35 6.5
      vertex 68.5 -11 15.5
      vertex 68.5 11 15.5
    endloop
  endfacet
  facet normal -1 0 0
    outer loop
      vertex 68.5 -11 15.5
      vertex 68.5 -14.345 21.2
      vertex 68.5 -11 26.1
    endloop
  endfacet
  facet normal -1 0 0
    outer loop
      vertex 68.5 -14.35 6.5
      vertex 68.5 -11 15.5
      vertex 68.5 14.35 6.5
    endloop
  endfacet
  facet normal -1 0 0
    outer loop
      vertex 68.5 -14.35 21.2
      vertex 68.5 -11 15.5
      vertex 68.5 -14.35 6.5
    endloop
  endfacet
  facet normal -1 0 0
    outer loop
      vertex 68.5 -11 15.5
      vertex 68.5 -14.35 21.2
      vertex 68.5 -14.345 21.2
    endloop
  endfacet
  facet normal -1 0 0
    outer loop
      vertex 68.5 14.345 23
      vertex 68.5 14.35 26.1
      vertex 68.5 14.35 23
    endloop
  endfacet
  facet normal -1 0 0
    outer loop
      vertex 68.5 14.345 21.2
      vertex 68.5 11 26.1
      vertex 68.5 14.345 23
    endloop
  endfacet
  facet normal -1 0 0
    outer loop
      vertex 68.5 14.345 23
      vertex 68.5 11 26.1
      vertex 68.5 14.35 26.1
    endloop
  endfacet
  facet normal -1 0 0
    outer loop
      vertex 68.5 -14.345 23
      vertex 68.5 -11 26.1
      vertex 68.5 -14.345 21.2
    endloop
  endfacet
  facet normal -1 0 0
    outer loop
      vertex 68.5 -14.35 26.1
      vertex 68.5 -14.345 23
      vertex 68.5 -14.35 23
    endloop
  endfacet
  facet normal -1 0 0
    outer loop
      vertex 68.5 -14.345 23
      vertex 68.5 -14.35 26.1
      vertex 68.5 -11 26.1
    endloop
  endfacet
  facet normal 0 -1 0
    outer loop
      vertex -65.5 14.35 6.5
      vertex 68.5 14.35 21.2
      vertex -65.5 14.35 21.2
    endloop
  endfacet
  facet normal 0 -1 -0
    outer loop
      vertex 68.5 14.35 21.2
      vertex -65.5 14.35 6.5
      vertex 68.5 14.35 6.5
    endloop
  endfacet
  facet normal 0 -1 0
    outer loop
      vertex -65.5 14.35 26.1
      vertex -35.9843 14.35 25.8201
      vertex -36 14.35 26.1
    endloop
  endfacet
  facet normal 0 -1 0
    outer loop
      vertex -65.5 14.35 23
      vertex -35.9843 14.35 25.8201
      vertex -65.5 14.35 26.1
    endloop
  endfacet
  facet normal 0 -1 -0
    outer loop
      vertex -35.9843 14.35 25.8201
      vertex -65.5 14.35 23
      vertex -35.9373 14.35 25.5437
    endloop
  endfacet
  facet normal 0 -1 -0
    outer loop
      vertex -35.9373 14.35 25.5437
      vertex -65.5 14.35 23
      vertex -35.8597 14.35 25.2743
    endloop
  endfacet
  facet normal 0 -1 -0
    outer loop
      vertex -35.8597 14.35 25.2743
      vertex -65.5 14.35 23
      vertex -35.7524 14.35 25.0153
    endloop
  endfacet
  facet normal 0 -1 -0
    outer loop
      vertex -35.7524 14.35 25.0153
      vertex -65.5 14.35 23
      vertex -35.6168 14.35 24.7699
    endloop
  endfacet
  facet normal 0 -1 -0
    outer loop
      vertex -35.6168 14.35 24.7699
      vertex -65.5 14.35 23
      vertex -35.4546 14.35 24.5413
    endloop
  endfacet
  facet normal 0 -1 -0
    outer loop
      vertex -35.4546 14.35 24.5413
      vertex -65.5 14.35 23
      vertex -35.2678 14.35 24.3322
    endloop
  endfacet
  facet normal 0 -1 -0
    outer loop
      vertex -35.2678 14.35 24.3322
      vertex -65.5 14.35 23
      vertex -35.0587 14.35 24.1454
    endloop
  endfacet
  facet normal 0 -1 -0
    outer loop
      vertex -35.0587 14.35 24.1454
      vertex -65.5 14.35 23
      vertex -34.8301 14.35 23.9832
    endloop
  endfacet
  facet normal 0 -1 -0
    outer loop
      vertex -34.8301 14.35 23.9832
      vertex -65.5 14.35 23
      vertex -34.5847 14.35 23.8476
    endloop
  endfacet
  facet normal 0 -1 -0
    outer loop
      vertex -34.5847 14.35 23.8476
      vertex -65.5 14.35 23
      vertex -34.3257 14.35 23.7403
    endloop
  endfacet
  facet normal 0 -1 -0
    outer loop
      vertex -34.3257 14.35 23.7403
      vertex -65.5 14.35 23
      vertex -34.0563 14.35 23.6627
    endloop
  endfacet
  facet normal 0 -1 -0
    outer loop
      vertex -33.5 14.35 23.6
      vertex -65.5 14.35 23
      vertex 36.5 14.35 23.6
    endloop
  endfacet
  facet normal 0 -1 -0
    outer loop
      vertex -33.7799 14.35 23.6157
      vertex -65.5 14.35 23
      vertex -33.5 14.35 23.6
    endloop
  endfacet
  facet normal 0 -1 -0
    outer loop
      vertex -34.0563 14.35 23.6627
      vertex -65.5 14.35 23
      vertex -33.7799 14.35 23.6157
    endloop
  endfacet
  facet normal 0 -1 0
    outer loop
      vertex -31.0157 14.35 25.8201
      vertex 34 14.35 26.1
      vertex -31 14.35 26.1
    endloop
  endfacet
  facet normal 0 -1 0
    outer loop
      vertex -31.0157 14.35 25.8201
      vertex 34.0157 14.35 25.8201
      vertex 34 14.35 26.1
    endloop
  endfacet
  facet normal 0 -1 0
    outer loop
      vertex -31.0627 14.35 25.5437
      vertex 34.0157 14.35 25.8201
      vertex -31.0157 14.35 25.8201
    endloop
  endfacet
  facet normal 0 -1 0
    outer loop
      vertex -31.0627 14.35 25.5437
      vertex 34.0627 14.35 25.5437
      vertex 34.0157 14.35 25.8201
    endloop
  endfacet
  facet normal 0 -1 0
    outer loop
      vertex -31.1403 14.35 25.2743
      vertex 34.0627 14.35 25.5437
      vertex -31.0627 14.35 25.5437
    endloop
  endfacet
  facet normal 0 -1 0
    outer loop
      vertex -31.1403 14.35 25.2743
      vertex 34.1403 14.35 25.2743
      vertex 34.0627 14.35 25.5437
    endloop
  endfacet
  facet normal 0 -1 0
    outer loop
      vertex -31.2476 14.35 25.0153
      vertex 34.1403 14.35 25.2743
      vertex -31.1403 14.35 25.2743
    endloop
  endfacet
  facet normal 0 -1 0
    outer loop
      vertex -31.2476 14.35 25.0153
      vertex 34.2476 14.35 25.0153
      vertex 34.1403 14.35 25.2743
    endloop
  endfacet
  facet normal 0 -1 0
    outer loop
      vertex -31.3832 14.35 24.7699
      vertex 34.2476 14.35 25.0153
      vertex -31.2476 14.35 25.0153
    endloop
  endfacet
  facet normal 0 -1 0
    outer loop
      vertex -31.3832 14.35 24.7699
      vertex 34.3832 14.35 24.7699
      vertex 34.2476 14.35 25.0153
    endloop
  endfacet
  facet normal 0 -1 0
    outer loop
      vertex -31.5454 14.35 24.5413
      vertex 34.3832 14.35 24.7699
      vertex -31.3832 14.35 24.7699
    endloop
  endfacet
  facet normal 0 -1 0
    outer loop
      vertex -31.5454 14.35 24.5413
      vertex 34.5454 14.35 24.5413
      vertex 34.3832 14.35 24.7699
    endloop
  endfacet
  facet normal 0 -1 0
    outer loop
      vertex -31.7322 14.35 24.3322
      vertex 34.5454 14.35 24.5413
      vertex -31.5454 14.35 24.5413
    endloop
  endfacet
  facet normal 0 -1 0
    outer loop
      vertex -31.7322 14.35 24.3322
      vertex 34.7322 14.35 24.3322
      vertex 34.5454 14.35 24.5413
    endloop
  endfacet
  facet normal 0 -1 0
    outer loop
      vertex -31.9413 14.35 24.1454
      vertex 34.7322 14.35 24.3322
      vertex -31.7322 14.35 24.3322
    endloop
  endfacet
  facet normal 0 -1 0
    outer loop
      vertex -31.9413 14.35 24.1454
      vertex 34.9413 14.35 24.1454
      vertex 34.7322 14.35 24.3322
    endloop
  endfacet
  facet normal 0 -1 0
    outer loop
      vertex -32.1699 14.35 23.9832
      vertex 34.9413 14.35 24.1454
      vertex -31.9413 14.35 24.1454
    endloop
  endfacet
  facet normal 0 -1 0
    outer loop
      vertex -32.1699 14.35 23.9832
      vertex 35.1699 14.35 23.9832
      vertex 34.9413 14.35 24.1454
    endloop
  endfacet
  facet normal 0 -1 0
    outer loop
      vertex -32.4153 14.35 23.8476
      vertex 35.1699 14.35 23.9832
      vertex -32.1699 14.35 23.9832
    endloop
  endfacet
  facet normal 0 -1 0
    outer loop
      vertex -32.4153 14.35 23.8476
      vertex 35.4153 14.35 23.8476
      vertex 35.1699 14.35 23.9832
    endloop
  endfacet
  facet normal 0 -1 0
    outer loop
      vertex -32.6743 14.35 23.7403
      vertex 35.4153 14.35 23.8476
      vertex -32.4153 14.35 23.8476
    endloop
  endfacet
  facet normal 0 -1 0
    outer loop
      vertex -32.6743 14.35 23.7403
      vertex 35.6743 14.35 23.7403
      vertex 35.4153 14.35 23.8476
    endloop
  endfacet
  facet normal 0 -1 0
    outer loop
      vertex -32.9437 14.35 23.6627
      vertex 35.6743 14.35 23.7403
      vertex -32.6743 14.35 23.7403
    endloop
  endfacet
  facet normal 0 -1 0
    outer loop
      vertex -32.9437 14.35 23.6627
      vertex 35.9437 14.35 23.6627
      vertex 35.6743 14.35 23.7403
    endloop
  endfacet
  facet normal 0 -1 0
    outer loop
      vertex -33.2201 14.35 23.6157
      vertex 35.9437 14.35 23.6627
      vertex -32.9437 14.35 23.6627
    endloop
  endfacet
  facet normal 0 -1 0
    outer loop
      vertex -33.2201 14.35 23.6157
      vertex 36.2201 14.35 23.6157
      vertex 35.9437 14.35 23.6627
    endloop
  endfacet
  facet normal 0 -1 0
    outer loop
      vertex -33.5 14.35 23.6
      vertex 36.2201 14.35 23.6157
      vertex -33.2201 14.35 23.6157
    endloop
  endfacet
  facet normal 0 -1 -0
    outer loop
      vertex 36.2201 14.35 23.6157
      vertex -33.5 14.35 23.6
      vertex 36.5 14.35 23.6
    endloop
  endfacet
  facet normal 0 -1 0
    outer loop
      vertex 38.9843 14.35 25.8201
      vertex 68.5 14.35 26.1
      vertex 39 14.35 26.1
    endloop
  endfacet
  facet normal 0 -1 0
    outer loop
      vertex 68.5 14.35 23
      vertex 38.9843 14.35 25.8201
      vertex 38.9373 14.35 25.5437
    endloop
  endfacet
  facet normal 0 -1 0
    outer loop
      vertex 68.5 14.35 23
      vertex 38.9373 14.35 25.5437
      vertex 38.8597 14.35 25.2743
    endloop
  endfacet
  facet normal 0 -1 0
    outer loop
      vertex 68.5 14.35 23
      vertex 38.8597 14.35 25.2743
      vertex 38.7524 14.35 25.0153
    endloop
  endfacet
  facet normal 0 -1 0
    outer loop
      vertex 68.5 14.35 23
      vertex 38.7524 14.35 25.0153
      vertex 38.6168 14.35 24.7699
    endloop
  endfacet
  facet normal 0 -1 0
    outer loop
      vertex 68.5 14.35 23
      vertex 38.6168 14.35 24.7699
      vertex 38.4546 14.35 24.5413
    endloop
  endfacet
  facet normal 0 -1 0
    outer loop
      vertex 68.5 14.35 23
      vertex 38.4546 14.35 24.5413
      vertex 38.2678 14.35 24.3322
    endloop
  endfacet
  facet normal 0 -1 0
    outer loop
      vertex 68.5 14.35 23
      vertex 38.2678 14.35 24.3322
      vertex 38.0587 14.35 24.1454
    endloop
  endfacet
  facet normal 0 -1 0
    outer loop
      vertex 68.5 14.35 23
      vertex 38.0587 14.35 24.1454
      vertex 37.8301 14.35 23.9832
    endloop
  endfacet
  facet normal 0 -1 0
    outer loop
      vertex 68.5 14.35 23
      vertex 37.8301 14.35 23.9832
      vertex 37.5847 14.35 23.8476
    endloop
  endfacet
  facet normal 0 -1 0
    outer loop
      vertex 68.5 14.35 23
      vertex 37.5847 14.35 23.8476
      vertex 37.3257 14.35 23.7403
    endloop
  endfacet
  facet normal 0 -1 0
    outer loop
      vertex 68.5 14.35 23
      vertex 37.3257 14.35 23.7403
      vertex 37.0563 14.35 23.6627
    endloop
  endfacet
  facet normal 0 -1 0
    outer loop
      vertex 68.5 14.35 23
      vertex 37.0563 14.35 23.6627
      vertex 36.7799 14.35 23.6157
    endloop
  endfacet
  facet normal 0 -1 0
    outer loop
      vertex 38.9843 14.35 25.8201
      vertex 68.5 14.35 23
      vertex 68.5 14.35 26.1
    endloop
  endfacet
  facet normal 0 -1 0
    outer loop
      vertex 36.5 14.35 23.6
      vertex 68.5 14.35 23
      vertex 36.7799 14.35 23.6157
    endloop
  endfacet
  facet normal 0 -1 0
    outer loop
      vertex 68.5 14.35 23
      vertex 36.5 14.35 23.6
      vertex -65.5 14.35 23
    endloop
  endfacet
  facet normal 0 0 1
    outer loop
      vertex 68.5 14.35 6.5
      vertex 66.5 12.35 6.5
      vertex 68.5 -14.35 6.5
    endloop
  endfacet
  facet normal 0 0 1
    outer loop
      vertex 68.5 14.35 6.5
      vertex -63.5 12.35 6.5
      vertex 66.5 12.35 6.5
    endloop
  endfacet
  facet normal 0 0 1
    outer loop
      vertex -63.5 12.35 6.5
      vertex -65.5 14.35 6.5
      vertex -63.5 -12.35 6.5
    endloop
  endfacet
  facet normal -0 0 1
    outer loop
      vertex -65.5 14.35 6.5
      vertex -63.5 12.35 6.5
      vertex 68.5 14.35 6.5
    endloop
  endfacet
  facet normal -0 0 1
    outer loop
      vertex 66.5 -12.35 6.5
      vertex 68.5 -14.35 6.5
      vertex 66.5 12.35 6.5
    endloop
  endfacet
  facet normal -0 0 1
    outer loop
      vertex -63.5 -12.35 6.5
      vertex 68.5 -14.35 6.5
      vertex 66.5 -12.35 6.5
    endloop
  endfacet
  facet normal 0 0 1
    outer loop
      vertex -63.5 -12.35 6.5
      vertex -65.5 -14.35 6.5
      vertex 68.5 -14.35 6.5
    endloop
  endfacet
  facet normal 0 0 1
    outer loop
      vertex -65.5 -14.35 6.5
      vertex -63.5 -12.35 6.5
      vertex -65.5 14.35 6.5
    endloop
  endfacet
  facet normal 0 1 -0
    outer loop
      vertex 68.5 -14.35 6.5
      vertex -65.5 -14.35 21.2
      vertex 68.5 -14.35 21.2
    endloop
  endfacet
  facet normal 0 1 0
    outer loop
      vertex -65.5 -14.35 21.2
      vertex 68.5 -14.35 6.5
      vertex -65.5 -14.35 6.5
    endloop
  endfacet
  facet normal 0 1 0
    outer loop
      vertex 68.5 -14.35 26.1
      vertex 38.9843 -14.35 25.8201
      vertex 39 -14.35 26.1
    endloop
  endfacet
  facet normal 0 1 -0
    outer loop
      vertex 68.5 -14.35 23
      vertex 38.9843 -14.35 25.8201
      vertex 68.5 -14.35 26.1
    endloop
  endfacet
  facet normal 0 1 0
    outer loop
      vertex 38.9843 -14.35 25.8201
      vertex 68.5 -14.35 23
      vertex 38.9373 -14.35 25.5437
    endloop
  endfacet
  facet normal 0 1 0
    outer loop
      vertex 38.9373 -14.35 25.5437
      vertex 68.5 -14.35 23
      vertex 38.8597 -14.35 25.2743
    endloop
  endfacet
  facet normal 0 1 0
    outer loop
      vertex 38.8597 -14.35 25.2743
      vertex 68.5 -14.35 23
      vertex 38.7524 -14.35 25.0153
    endloop
  endfacet
  facet normal 0 1 0
    outer loop
      vertex 38.7524 -14.35 25.0153
      vertex 68.5 -14.35 23
      vertex 38.6168 -14.35 24.7699
    endloop
  endfacet
  facet normal 0 1 0
    outer loop
      vertex 38.6168 -14.35 24.7699
      vertex 68.5 -14.35 23
      vertex 38.4546 -14.35 24.5413
    endloop
  endfacet
  facet normal 0 1 0
    outer loop
      vertex 38.4546 -14.35 24.5413
      vertex 68.5 -14.35 23
      vertex 38.2678 -14.35 24.3322
    endloop
  endfacet
  facet normal 0 1 0
    outer loop
      vertex 38.2678 -14.35 24.3322
      vertex 68.5 -14.35 23
      vertex 38.0587 -14.35 24.1454
    endloop
  endfacet
  facet normal 0 1 0
    outer loop
      vertex 38.0587 -14.35 24.1454
      vertex 68.5 -14.35 23
      vertex 37.8301 -14.35 23.9832
    endloop
  endfacet
  facet normal 0 1 0
    outer loop
      vertex 37.8301 -14.35 23.9832
      vertex 68.5 -14.35 23
      vertex 37.5847 -14.35 23.8476
    endloop
  endfacet
  facet normal 0 1 0
    outer loop
      vertex 37.5847 -14.35 23.8476
      vertex 68.5 -14.35 23
      vertex 37.3257 -14.35 23.7403
    endloop
  endfacet
  facet normal 0 1 0
    outer loop
      vertex 37.3257 -14.35 23.7403
      vertex 68.5 -14.35 23
      vertex 37.0563 -14.35 23.6627
    endloop
  endfacet
  facet normal 0 1 0
    outer loop
      vertex 36.5 -14.35 23.6
      vertex 68.5 -14.35 23
      vertex -33.5 -14.35 23.6
    endloop
  endfacet
  facet normal 0 1 0
    outer loop
      vertex 36.7799 -14.35 23.6157
      vertex 68.5 -14.35 23
      vertex 36.5 -14.35 23.6
    endloop
  endfacet
  facet normal 0 1 0
    outer loop
      vertex 37.0563 -14.35 23.6627
      vertex 68.5 -14.35 23
      vertex 36.7799 -14.35 23.6157
    endloop
  endfacet
  facet normal 0 1 0
    outer loop
      vertex 34.0157 -14.35 25.8201
      vertex -31 -14.35 26.1
      vertex 34 -14.35 26.1
    endloop
  endfacet
  facet normal 0 1 0
    outer loop
      vertex 34.0157 -14.35 25.8201
      vertex -31.0157 -14.35 25.8201
      vertex -31 -14.35 26.1
    endloop
  endfacet
  facet normal 0 1 0
    outer loop
      vertex 34.0627 -14.35 25.5437
      vertex -31.0157 -14.35 25.8201
      vertex 34.0157 -14.35 25.8201
    endloop
  endfacet
  facet normal 0 1 0
    outer loop
      vertex 34.0627 -14.35 25.5437
      vertex -31.0627 -14.35 25.5437
      vertex -31.0157 -14.35 25.8201
    endloop
  endfacet
  facet normal 0 1 0
    outer loop
      vertex 34.1403 -14.35 25.2743
      vertex -31.0627 -14.35 25.5437
      vertex 34.0627 -14.35 25.5437
    endloop
  endfacet
  facet normal 0 1 0
    outer loop
      vertex 34.1403 -14.35 25.2743
      vertex -31.1403 -14.35 25.2743
      vertex -31.0627 -14.35 25.5437
    endloop
  endfacet
  facet normal 0 1 0
    outer loop
      vertex 34.2476 -14.35 25.0153
      vertex -31.1403 -14.35 25.2743
      vertex 34.1403 -14.35 25.2743
    endloop
  endfacet
  facet normal 0 1 0
    outer loop
      vertex 34.2476 -14.35 25.0153
      vertex -31.2476 -14.35 25.0153
      vertex -31.1403 -14.35 25.2743
    endloop
  endfacet
  facet normal 0 1 0
    outer loop
      vertex 34.3832 -14.35 24.7699
      vertex -31.2476 -14.35 25.0153
      vertex 34.2476 -14.35 25.0153
    endloop
  endfacet
  facet normal 0 1 0
    outer loop
      vertex 34.3832 -14.35 24.7699
      vertex -31.3832 -14.35 24.7699
      vertex -31.2476 -14.35 25.0153
    endloop
  endfacet
  facet normal 0 1 0
    outer loop
      vertex 34.5454 -14.35 24.5413
      vertex -31.3832 -14.35 24.7699
      vertex 34.3832 -14.35 24.7699
    endloop
  endfacet
  facet normal 0 1 0
    outer loop
      vertex 34.5454 -14.35 24.5413
      vertex -31.5454 -14.35 24.5413
      vertex -31.3832 -14.35 24.7699
    endloop
  endfacet
  facet normal 0 1 0
    outer loop
      vertex 34.7322 -14.35 24.3322
      vertex -31.5454 -14.35 24.5413
      vertex 34.5454 -14.35 24.5413
    endloop
  endfacet
  facet normal 0 1 0
    outer loop
      vertex 34.7322 -14.35 24.3322
      vertex -31.7322 -14.35 24.3322
      vertex -31.5454 -14.35 24.5413
    endloop
  endfacet
  facet normal 0 1 0
    outer loop
      vertex 34.9413 -14.35 24.1454
      vertex -31.7322 -14.35 24.3322
      vertex 34.7322 -14.35 24.3322
    endloop
  endfacet
  facet normal 0 1 0
    outer loop
      vertex 34.9413 -14.35 24.1454
      vertex -31.9413 -14.35 24.1454
      vertex -31.7322 -14.35 24.3322
    endloop
  endfacet
  facet normal 0 1 0
    outer loop
      vertex 35.1699 -14.35 23.9832
      vertex -31.9413 -14.35 24.1454
      vertex 34.9413 -14.35 24.1454
    endloop
  endfacet
  facet normal 0 1 0
    outer loop
      vertex 35.1699 -14.35 23.9832
      vertex -32.1699 -14.35 23.9832
      vertex -31.9413 -14.35 24.1454
    endloop
  endfacet
  facet normal 0 1 0
    outer loop
      vertex 35.4153 -14.35 23.8476
      vertex -32.1699 -14.35 23.9832
      vertex 35.1699 -14.35 23.9832
    endloop
  endfacet
  facet normal 0 1 0
    outer loop
      vertex 35.4153 -14.35 23.8476
      vertex -32.4153 -14.35 23.8476
      vertex -32.1699 -14.35 23.9832
    endloop
  endfacet
  facet normal 0 1 0
    outer loop
      vertex 35.6743 -14.35 23.7403
      vertex -32.4153 -14.35 23.8476
      vertex 35.4153 -14.35 23.8476
    endloop
  endfacet
  facet normal 0 1 0
    outer loop
      vertex 35.6743 -14.35 23.7403
      vertex -32.6743 -14.35 23.7403
      vertex -32.4153 -14.35 23.8476
    endloop
  endfacet
  facet normal 0 1 0
    outer loop
      vertex 35.9437 -14.35 23.6627
      vertex -32.6743 -14.35 23.7403
      vertex 35.6743 -14.35 23.7403
    endloop
  endfacet
  facet normal 0 1 0
    outer loop
      vertex 35.9437 -14.35 23.6627
      vertex -32.9437 -14.35 23.6627
      vertex -32.6743 -14.35 23.7403
    endloop
  endfacet
  facet normal 0 1 0
    outer loop
      vertex 36.2201 -14.35 23.6157
      vertex -32.9437 -14.35 23.6627
      vertex 35.9437 -14.35 23.6627
    endloop
  endfacet
  facet normal 0 1 0
    outer loop
      vertex 36.2201 -14.35 23.6157
      vertex -33.2201 -14.35 23.6157
      vertex -32.9437 -14.35 23.6627
    endloop
  endfacet
  facet normal 0 1 0
    outer loop
      vertex 36.5 -14.35 23.6
      vertex -33.2201 -14.35 23.6157
      vertex 36.2201 -14.35 23.6157
    endloop
  endfacet
  facet normal 0 1 0
    outer loop
      vertex -33.2201 -14.35 23.6157
      vertex 36.5 -14.35 23.6
      vertex -33.5 -14.35 23.6
    endloop
  endfacet
  facet normal 0 1 0
    outer loop
      vertex -35.9843 -14.35 25.8201
      vertex -65.5 -14.35 26.1
      vertex -36 -14.35 26.1
    endloop
  endfacet
  facet normal 0 1 0
    outer loop
      vertex -65.5 -14.35 23
      vertex -35.9843 -14.35 25.8201
      vertex -35.9373 -14.35 25.5437
    endloop
  endfacet
  facet normal 0 1 0
    outer loop
      vertex -65.5 -14.35 23
      vertex -35.9373 -14.35 25.5437
      vertex -35.8597 -14.35 25.2743
    endloop
  endfacet
  facet normal 0 1 0
    outer loop
      vertex -65.5 -14.35 23
      vertex -35.8597 -14.35 25.2743
      vertex -35.7524 -14.35 25.0153
    endloop
  endfacet
  facet normal 0 1 0
    outer loop
      vertex -65.5 -14.35 23
      vertex -35.7524 -14.35 25.0153
      vertex -35.6168 -14.35 24.7699
    endloop
  endfacet
  facet normal 0 1 0
    outer loop
      vertex -65.5 -14.35 23
      vertex -35.6168 -14.35 24.7699
      vertex -35.4546 -14.35 24.5413
    endloop
  endfacet
  facet normal 0 1 0
    outer loop
      vertex -65.5 -14.35 23
      vertex -35.4546 -14.35 24.5413
      vertex -35.2678 -14.35 24.3322
    endloop
  endfacet
  facet normal 0 1 0
    outer loop
      vertex -65.5 -14.35 23
      vertex -35.2678 -14.35 24.3322
      vertex -35.0587 -14.35 24.1454
    endloop
  endfacet
  facet normal 0 1 0
    outer loop
      vertex -65.5 -14.35 23
      vertex -35.0587 -14.35 24.1454
      vertex -34.8301 -14.35 23.9832
    endloop
  endfacet
  facet normal 0 1 0
    outer loop
      vertex -65.5 -14.35 23
      vertex -34.8301 -14.35 23.9832
      vertex -34.5847 -14.35 23.8476
    endloop
  endfacet
  facet normal 0 1 0
    outer loop
      vertex -65.5 -14.35 23
      vertex -34.5847 -14.35 23.8476
      vertex -34.3257 -14.35 23.7403
    endloop
  endfacet
  facet normal 0 1 0
    outer loop
      vertex -65.5 -14.35 23
      vertex -34.3257 -14.35 23.7403
      vertex -34.0563 -14.35 23.6627
    endloop
  endfacet
  facet normal 0 1 0
    outer loop
      vertex -65.5 -14.35 23
      vertex -34.0563 -14.35 23.6627
      vertex -33.7799 -14.35 23.6157
    endloop
  endfacet
  facet normal 0 1 0
    outer loop
      vertex -35.9843 -14.35 25.8201
      vertex -65.5 -14.35 23
      vertex -65.5 -14.35 26.1
    endloop
  endfacet
  facet normal 0 1 0
    outer loop
      vertex -33.5 -14.35 23.6
      vertex -65.5 -14.35 23
      vertex -33.7799 -14.35 23.6157
    endloop
  endfacet
  facet normal 0 1 0
    outer loop
      vertex -65.5 -14.35 23
      vertex -33.5 -14.35 23.6
      vertex 68.5 -14.35 23
    endloop
  endfacet
  facet normal 1 -0 0
    outer loop
      vertex -63.5 -12.35 6.5
      vertex -63.5 12.35 2.99
      vertex -63.5 12.35 6.5
    endloop
  endfacet
  facet normal 1 0 0
    outer loop
      vertex -63.5 12.35 2.99
      vertex -63.5 -12.35 6.5
      vertex -63.5 -12.35 2.99
    endloop
  endfacet
  facet normal -1 0 0
    outer loop
      vertex 66.5 -12.35 2.99
      vertex 66.5 12.35 6.5
      vertex 66.5 12.35 2.99
    endloop
  endfacet
  facet normal -1 -0 0
    outer loop
      vertex 66.5 12.35 6.5
      vertex 66.5 -12.35 2.99
      vertex 66.5 -12.35 6.5
    endloop
  endfacet
  facet normal 0 -1 0
    outer loop
      vertex -63.5 12.35 2.99
      vertex 66.5 12.35 6.5
      vertex -63.5 12.35 6.5
    endloop
  endfacet
  facet normal 0 -1 -0
    outer loop
      vertex 66.5 12.35 6.5
      vertex -63.5 12.35 2.99
      vertex 66.5 12.35 2.99
    endloop
  endfacet
  facet normal 0 0 1
    outer loop
      vertex 66.5 12.35 2.99
      vertex 44.9836 0 2.99
      vertex 66.5 -12.35 2.99
    endloop
  endfacet
  facet normal 0 0 1
    outer loop
      vertex 66.5 12.35 2.99
      vertex 44.9835 0.00215157 2.99
      vertex 44.9836 0 2.99
    endloop
  endfacet
  facet normal 0 0 1
    outer loop
      vertex 66.5 12.35 2.99
      vertex 44.9523 0.557989 2.99
      vertex 44.9835 0.00215157 2.99
    endloop
  endfacet
  facet normal 0 0 1
    outer loop
      vertex 66.5 12.35 2.99
      vertex 44.859 1.10684 2.99
      vertex 44.9523 0.557989 2.99
    endloop
  endfacet
  facet normal 0 0 1
    outer loop
      vertex 66.5 12.35 2.99
      vertex 44.8587 1.10896 2.99
      vertex 44.859 1.10684 2.99
    endloop
  endfacet
  facet normal 0 0 1
    outer loop
      vertex 66.5 12.35 2.99
      vertex 44.8581 1.11103 2.99
      vertex 44.8587 1.10896 2.99
    endloop
  endfacet
  facet normal 0 0 1
    outer loop
      vertex 66.5 12.35 2.99
      vertex 44.704 1.64599 2.99
      vertex 44.8581 1.11103 2.99
    endloop
  endfacet
  facet normal 0 0 1
    outer loop
      vertex 66.5 12.35 2.99
      vertex 44.4909 2.16032 2.99
      vertex 44.704 1.64599 2.99
    endloop
  endfacet
  facet normal 0 0 1
    outer loop
      vertex 66.5 12.35 2.99
      vertex 44.4901 2.16232 2.99
      vertex 44.4909 2.16032 2.99
    endloop
  endfacet
  facet normal 0 0 1
    outer loop
      vertex 66.5 12.35 2.99
      vertex 44.2208 2.64956 2.99
      vertex 44.4901 2.16232 2.99
    endloop
  endfacet
  facet normal 0 0 1
    outer loop
      vertex 66.5 12.35 2.99
      vertex 44.2198 2.65145 2.99
      vertex 44.2208 2.64956 2.99
    endloop
  endfacet
  facet normal 0 0 1
    outer loop
      vertex 66.5 12.35 2.99
      vertex 44.2185 2.65321 2.99
      vertex 44.2198 2.65145 2.99
    endloop
  endfacet
  facet normal 0 0 1
    outer loop
      vertex 66.5 12.35 2.99
      vertex 43.8964 3.10724 2.99
      vertex 44.2185 2.65321 2.99
    endloop
  endfacet
  facet normal 0 0 1
    outer loop
      vertex 66.5 12.35 2.99
      vertex 43.8949 3.10885 2.99
      vertex 43.8964 3.10724 2.99
    endloop
  endfacet
  facet normal 0 0 1
    outer loop
      vertex 66.5 12.35 2.99
      vertex 43.524 3.52396 2.99
      vertex 43.8949 3.10885 2.99
    endloop
  endfacet
  facet normal 0 0 1
    outer loop
      vertex 66.5 12.35 2.99
      vertex 43.1088 3.89492 2.99
      vertex 43.524 3.52396 2.99
    endloop
  endfacet
  facet normal 0 0 1
    outer loop
      vertex 66.5 12.35 2.99
      vertex 43.1072 3.89636 2.99
      vertex 43.1088 3.89492 2.99
    endloop
  endfacet
  facet normal 0 0 1
    outer loop
      vertex 66.5 12.35 2.99
      vertex 42.6532 4.21851 2.99
      vertex 43.1072 3.89636 2.99
    endloop
  endfacet
  facet normal 0 0 1
    outer loop
      vertex 66.5 12.35 2.99
      vertex 42.6515 4.21976 2.99
      vertex 42.6532 4.21851 2.99
    endloop
  endfacet
  facet normal 0 0 1
    outer loop
      vertex 66.5 12.35 2.99
      vertex 42.6496 4.2208 2.99
      vertex 42.6515 4.21976 2.99
    endloop
  endfacet
  facet normal 0 0 1
    outer loop
      vertex 66.5 12.35 2.99
      vertex 42.1623 4.4901 2.99
      vertex 42.6496 4.2208 2.99
    endloop
  endfacet
  facet normal 0 0 1
    outer loop
      vertex 66.5 12.35 2.99
      vertex 42.1603 4.49092 2.99
      vertex 42.1623 4.4901 2.99
    endloop
  endfacet
  facet normal 0 0 1
    outer loop
      vertex 66.5 12.35 2.99
      vertex 41.646 4.70397 2.99
      vertex 42.1603 4.49092 2.99
    endloop
  endfacet
  facet normal 0 0 1
    outer loop
      vertex 66.5 12.35 2.99
      vertex 41.111 4.85808 2.99
      vertex 41.646 4.70397 2.99
    endloop
  endfacet
  facet normal 0 0 1
    outer loop
      vertex 66.5 12.35 2.99
      vertex 41.109 4.85868 2.99
      vertex 41.111 4.85808 2.99
    endloop
  endfacet
  facet normal 0 0 1
    outer loop
      vertex 66.5 12.35 2.99
      vertex 41.1068 4.85904 2.99
      vertex 41.109 4.85868 2.99
    endloop
  endfacet
  facet normal 0 0 1
    outer loop
      vertex 66.5 12.35 2.99
      vertex 40.558 4.95229 2.99
      vertex 41.1068 4.85904 2.99
    endloop
  endfacet
  facet normal 0 0 1
    outer loop
      vertex 66.5 12.35 2.99
      vertex 40.0022 4.98351 2.99
      vertex 40.558 4.95229 2.99
    endloop
  endfacet
  facet normal 0 0 1
    outer loop
      vertex 66.5 12.35 2.99
      vertex 40 4.98363 2.99
      vertex 40.0022 4.98351 2.99
    endloop
  endfacet
  facet normal 0 0 1
    outer loop
      vertex 66.5 12.35 2.99
      vertex 39.9978 4.98351 2.99
      vertex 40 4.98363 2.99
    endloop
  endfacet
  facet normal 0 0 1
    outer loop
      vertex 66.5 12.35 2.99
      vertex 39.442 4.95229 2.99
      vertex 39.9978 4.98351 2.99
    endloop
  endfacet
  facet normal 0 0 1
    outer loop
      vertex 66.5 12.35 2.99
      vertex 38.8932 4.85904 2.99
      vertex 39.442 4.95229 2.99
    endloop
  endfacet
  facet normal 0 0 1
    outer loop
      vertex 66.5 12.35 2.99
      vertex 38.891 4.85868 2.99
      vertex 38.8932 4.85904 2.99
    endloop
  endfacet
  facet normal 0 0 1
    outer loop
      vertex 38.354 4.70397 2.99
      vertex 37.8377 4.4901 2.99
      vertex 37.8397 4.49092 2.99
    endloop
  endfacet
  facet normal 0 0 1
    outer loop
      vertex 36.8928 3.89636 2.99
      vertex 36.476 3.52396 2.99
      vertex 36.8912 3.89492 2.99
    endloop
  endfacet
  facet normal 0 0 1
    outer loop
      vertex 36.1036 3.10724 2.99
      vertex 35.7802 2.65145 2.99
      vertex 35.7815 2.65321 2.99
    endloop
  endfacet
  facet normal 0 0 1
    outer loop
      vertex 35.7802 2.65145 2.99
      vertex 35.5099 2.16232 2.99
      vertex 35.7792 2.64956 2.99
    endloop
  endfacet
  facet normal 0 0 1
    outer loop
      vertex 35.5099 2.16232 2.99
      vertex 35.296 1.64599 2.99
      vertex 35.5091 2.16032 2.99
    endloop
  endfacet
  facet normal 0 0 1
    outer loop
      vertex 35.0476 0.555838 2.99
      vertex -35.0164 0 2.99
      vertex 35.0164 0 2.99
    endloop
  endfacet
  facet normal 0 0 1
    outer loop
      vertex 35.0477 0.557989 2.99
      vertex -35.0164 0 2.99
      vertex 35.0476 0.555838 2.99
    endloop
  endfacet
  facet normal 0 0 1
    outer loop
      vertex -35.0477 0.557989 2.99
      vertex 35.0477 0.557989 2.99
      vertex 35.141 1.10684 2.99
    endloop
  endfacet
  facet normal 0 0 1
    outer loop
      vertex -35.0477 0.557989 2.99
      vertex 35.141 1.10684 2.99
      vertex 35.1413 1.10896 2.99
    endloop
  endfacet
  facet normal 0 0 1
    outer loop
      vertex -35.1413 1.10896 2.99
      vertex 35.1413 1.10896 2.99
      vertex 35.1419 1.11103 2.99
    endloop
  endfacet
  facet normal 0 0 1
    outer loop
      vertex -35.1413 1.10896 2.99
      vertex 35.1419 1.11103 2.99
      vertex 35.296 1.64599 2.99
    endloop
  endfacet
  facet normal 0 0 1
    outer loop
      vertex -35.296 1.64599 2.99
      vertex 35.296 1.64599 2.99
      vertex 35.5099 2.16232 2.99
    endloop
  endfacet
  facet normal 0 0 1
    outer loop
      vertex -35.5099 2.16232 2.99
      vertex 35.5099 2.16232 2.99
      vertex 35.7802 2.65145 2.99
    endloop
  endfacet
  facet normal 0 0 1
    outer loop
      vertex -35.7802 2.65145 2.99
      vertex 35.7802 2.65145 2.99
      vertex 36.1036 3.10724 2.99
    endloop
  endfacet
  facet normal 0 0 1
    outer loop
      vertex -36.1036 3.10724 2.99
      vertex 36.1036 3.10724 2.99
      vertex 36.1051 3.10885 2.99
    endloop
  endfacet
  facet normal 0 0 1
    outer loop
      vertex -36.1036 3.10724 2.99
      vertex 36.1051 3.10885 2.99
      vertex 36.476 3.52396 2.99
    endloop
  endfacet
  facet normal 0 0 1
    outer loop
      vertex -36.476 3.52396 2.99
      vertex 36.476 3.52396 2.99
      vertex 36.8928 3.89636 2.99
    endloop
  endfacet
  facet normal 0 0 1
    outer loop
      vertex -36.8928 3.89636 2.99
      vertex 36.8928 3.89636 2.99
      vertex 37.3468 4.21851 2.99
    endloop
  endfacet
  facet normal 0 0 1
    outer loop
      vertex -36.8928 3.89636 2.99
      vertex 37.3468 4.21851 2.99
      vertex 37.3485 4.21976 2.99
    endloop
  endfacet
  facet normal 0 0 1
    outer loop
      vertex -37.3485 4.21976 2.99
      vertex 37.3485 4.21976 2.99
      vertex 37.3504 4.2208 2.99
    endloop
  endfacet
  facet normal 0 0 1
    outer loop
      vertex -37.3485 4.21976 2.99
      vertex 37.3504 4.2208 2.99
      vertex 37.8377 4.4901 2.99
    endloop
  endfacet
  facet normal 0 0 1
    outer loop
      vertex -37.8377 4.4901 2.99
      vertex 37.8377 4.4901 2.99
      vertex 38.354 4.70397 2.99
    endloop
  endfacet
  facet normal 0 0 1
    outer loop
      vertex -38.354 4.70397 2.99
      vertex 38.354 4.70397 2.99
      vertex 38.889 4.85808 2.99
    endloop
  endfacet
  facet normal 0 0 1
    outer loop
      vertex -38.354 4.70397 2.99
      vertex 38.889 4.85808 2.99
      vertex 38.891 4.85868 2.99
    endloop
  endfacet
  facet normal -0 0 1
    outer loop
      vertex -63.5 12.35 2.99
      vertex 38.891 4.85868 2.99
      vertex 66.5 12.35 2.99
    endloop
  endfacet
  facet normal 0 0 1
    outer loop
      vertex 35.0477 0.557989 2.99
      vertex -35.0476 0.555838 2.99
      vertex -35.0164 0 2.99
    endloop
  endfacet
  facet normal 0 0 1
    outer loop
      vertex 35.0477 0.557989 2.99
      vertex -35.0477 0.557989 2.99
      vertex -35.0476 0.555838 2.99
    endloop
  endfacet
  facet normal 0 0 1
    outer loop
      vertex 35.1413 1.10896 2.99
      vertex -35.141 1.10684 2.99
      vertex -35.0477 0.557989 2.99
    endloop
  endfacet
  facet normal 0 0 1
    outer loop
      vertex 35.1413 1.10896 2.99
      vertex -35.1413 1.10896 2.99
      vertex -35.141 1.10684 2.99
    endloop
  endfacet
  facet normal 0 0 1
    outer loop
      vertex 35.296 1.64599 2.99
      vertex -35.1419 1.11103 2.99
      vertex -35.1413 1.10896 2.99
    endloop
  endfacet
  facet normal 0 0 1
    outer loop
      vertex 35.296 1.64599 2.99
      vertex -35.296 1.64599 2.99
      vertex -35.1419 1.11103 2.99
    endloop
  endfacet
  facet normal 0 0 1
    outer loop
      vertex 35.5099 2.16232 2.99
      vertex -35.5091 2.16032 2.99
      vertex -35.296 1.64599 2.99
    endloop
  endfacet
  facet normal 0 0 1
    outer loop
      vertex 35.5099 2.16232 2.99
      vertex -35.5099 2.16232 2.99
      vertex -35.5091 2.16032 2.99
    endloop
  endfacet
  facet normal 0 0 1
    outer loop
      vertex 35.7802 2.65145 2.99
      vertex -35.7792 2.64956 2.99
      vertex -35.5099 2.16232 2.99
    endloop
  endfacet
  facet normal 0 0 1
    outer loop
      vertex 35.7802 2.65145 2.99
      vertex -35.7802 2.65145 2.99
      vertex -35.7792 2.64956 2.99
    endloop
  endfacet
  facet normal 0 0 1
    outer loop
      vertex 36.1036 3.10724 2.99
      vertex -35.7815 2.65321 2.99
      vertex -35.7802 2.65145 2.99
    endloop
  endfacet
  facet normal 0 0 1
    outer loop
      vertex 36.1036 3.10724 2.99
      vertex -36.1036 3.10724 2.99
      vertex -35.7815 2.65321 2.99
    endloop
  endfacet
  facet normal 0 0 1
    outer loop
      vertex 36.476 3.52396 2.99
      vertex -36.1051 3.10885 2.99
      vertex -36.1036 3.10724 2.99
    endloop
  endfacet
  facet normal 0 0 1
    outer loop
      vertex 36.476 3.52396 2.99
      vertex -36.476 3.52396 2.99
      vertex -36.1051 3.10885 2.99
    endloop
  endfacet
  facet normal 0 0 1
    outer loop
      vertex 36.8928 3.89636 2.99
      vertex -36.8912 3.89492 2.99
      vertex -36.476 3.52396 2.99
    endloop
  endfacet
  facet normal 0 0 1
    outer loop
      vertex 36.8928 3.89636 2.99
      vertex -36.8928 3.89636 2.99
      vertex -36.8912 3.89492 2.99
    endloop
  endfacet
  facet normal 0 0 1
    outer loop
      vertex 37.3485 4.21976 2.99
      vertex -37.3468 4.21851 2.99
      vertex -36.8928 3.89636 2.99
    endloop
  endfacet
  facet normal 0 0 1
    outer loop
      vertex 37.3485 4.21976 2.99
      vertex -37.3485 4.21976 2.99
      vertex -37.3468 4.21851 2.99
    endloop
  endfacet
  facet normal 0 0 1
    outer loop
      vertex 37.8377 4.4901 2.99
      vertex -37.3504 4.2208 2.99
      vertex -37.3485 4.21976 2.99
    endloop
  endfacet
  facet normal 0 0 1
    outer loop
      vertex 37.8377 4.4901 2.99
      vertex -37.8377 4.4901 2.99
      vertex -37.3504 4.2208 2.99
    endloop
  endfacet
  facet normal 0 0 1
    outer loop
      vertex 38.354 4.70397 2.99
      vertex -37.8397 4.49092 2.99
      vertex -37.8377 4.4901 2.99
    endloop
  endfacet
  facet normal 0 0 1
    outer loop
      vertex 38.354 4.70397 2.99
      vertex -38.354 4.70397 2.99
      vertex -37.8397 4.49092 2.99
    endloop
  endfacet
  facet normal 0 0 1
    outer loop
      vertex 38.891 4.85868 2.99
      vertex -38.889 4.85808 2.99
      vertex -38.354 4.70397 2.99
    endloop
  endfacet
  facet normal 0 0 1
    outer loop
      vertex 38.891 4.85868 2.99
      vertex -38.891 4.85868 2.99
      vertex -38.889 4.85808 2.99
    endloop
  endfacet
  facet normal 0 0 1
    outer loop
      vertex 38.891 4.85868 2.99
      vertex -63.5 12.35 2.99
      vertex -38.891 4.85868 2.99
    endloop
  endfacet
  facet normal 0 0 1
    outer loop
      vertex -38.891 4.85868 2.99
      vertex -63.5 12.35 2.99
      vertex -38.8932 4.85904 2.99
    endloop
  endfacet
  facet normal 0 0 1
    outer loop
      vertex -38.8932 4.85904 2.99
      vertex -63.5 12.35 2.99
      vertex -39.442 4.95229 2.99
    endloop
  endfacet
  facet normal 0 0 1
    outer loop
      vertex -39.442 4.95229 2.99
      vertex -63.5 12.35 2.99
      vertex -39.9978 4.98351 2.99
    endloop
  endfacet
  facet normal 0 0 1
    outer loop
      vertex -39.9978 4.98351 2.99
      vertex -63.5 12.35 2.99
      vertex -40 4.98363 2.99
    endloop
  endfacet
  facet normal 0 0 1
    outer loop
      vertex -40 4.98363 2.99
      vertex -63.5 12.35 2.99
      vertex -40.0022 4.98351 2.99
    endloop
  endfacet
  facet normal 0 0 1
    outer loop
      vertex -63.5 12.35 2.99
      vertex -41.1068 4.85904 2.99
      vertex -40.558 4.95229 2.99
    endloop
  endfacet
  facet normal 0 0 1
    outer loop
      vertex -63.5 12.35 2.99
      vertex -41.111 4.85808 2.99
      vertex -41.109 4.85868 2.99
    endloop
  endfacet
  facet normal 0 0 1
    outer loop
      vertex -63.5 12.35 2.99
      vertex -42.1603 4.49092 2.99
      vertex -41.646 4.70397 2.99
    endloop
  endfacet
  facet normal 0 0 1
    outer loop
      vertex -63.5 12.35 2.99
      vertex -43.1088 3.89492 2.99
      vertex -43.1072 3.89636 2.99
    endloop
  endfacet
  facet normal 0 0 1
    outer loop
      vertex -63.5 12.35 2.99
      vertex -44.2185 2.65321 2.99
      vertex -43.8964 3.10724 2.99
    endloop
  endfacet
  facet normal 0 0 1
    outer loop
      vertex -63.5 12.35 2.99
      vertex -44.2208 2.64956 2.99
      vertex -44.2198 2.65145 2.99
    endloop
  endfacet
  facet normal 0 0 1
    outer loop
      vertex -63.5 12.35 2.99
      vertex -44.8581 1.11103 2.99
      vertex -44.704 1.64599 2.99
    endloop
  endfacet
  facet normal 0 0 1
    outer loop
      vertex -63.5 12.35 2.99
      vertex -44.859 1.10684 2.99
      vertex -44.8587 1.10896 2.99
    endloop
  endfacet
  facet normal 0 0 1
    outer loop
      vertex -63.5 12.35 2.99
      vertex -44.9835 0.00215157 2.99
      vertex -44.9523 0.557989 2.99
    endloop
  endfacet
  facet normal 0 0 1
    outer loop
      vertex -44.9835 0.00215157 2.99
      vertex -63.5 12.35 2.99
      vertex -44.9836 0 2.99
    endloop
  endfacet
  facet normal 0 0 1
    outer loop
      vertex -44.859 1.10684 2.99
      vertex -63.5 12.35 2.99
      vertex -44.9523 0.557989 2.99
    endloop
  endfacet
  facet normal 0 0 1
    outer loop
      vertex -44.8581 1.11103 2.99
      vertex -63.5 12.35 2.99
      vertex -44.8587 1.10896 2.99
    endloop
  endfacet
  facet normal 0 0 1
    outer loop
      vertex -44.4909 2.16032 2.99
      vertex -63.5 12.35 2.99
      vertex -44.704 1.64599 2.99
    endloop
  endfacet
  facet normal 0 0 1
    outer loop
      vertex -44.4901 2.16232 2.99
      vertex -63.5 12.35 2.99
      vertex -44.4909 2.16032 2.99
    endloop
  endfacet
  facet normal 0 0 1
    outer loop
      vertex -44.2208 2.64956 2.99
      vertex -63.5 12.35 2.99
      vertex -44.4901 2.16232 2.99
    endloop
  endfacet
  facet normal 0 0 1
    outer loop
      vertex -44.2185 2.65321 2.99
      vertex -63.5 12.35 2.99
      vertex -44.2198 2.65145 2.99
    endloop
  endfacet
  facet normal 0 0 1
    outer loop
      vertex -43.8949 3.10885 2.99
      vertex -63.5 12.35 2.99
      vertex -43.8964 3.10724 2.99
    endloop
  endfacet
  facet normal 0 0 1
    outer loop
      vertex -43.524 3.52396 2.99
      vertex -63.5 12.35 2.99
      vertex -43.8949 3.10885 2.99
    endloop
  endfacet
  facet normal 0 0 1
    outer loop
      vertex -43.1088 3.89492 2.99
      vertex -63.5 12.35 2.99
      vertex -43.524 3.52396 2.99
    endloop
  endfacet
  facet normal 0 0 1
    outer loop
      vertex -42.6532 4.21851 2.99
      vertex -63.5 12.35 2.99
      vertex -43.1072 3.89636 2.99
    endloop
  endfacet
  facet normal 0 0 1
    outer loop
      vertex -42.6515 4.21976 2.99
      vertex -63.5 12.35 2.99
      vertex -42.6532 4.21851 2.99
    endloop
  endfacet
  facet normal 0 0 1
    outer loop
      vertex -42.6496 4.2208 2.99
      vertex -63.5 12.35 2.99
      vertex -42.6515 4.21976 2.99
    endloop
  endfacet
  facet normal 0 0 1
    outer loop
      vertex -42.1623 4.4901 2.99
      vertex -63.5 12.35 2.99
      vertex -42.6496 4.2208 2.99
    endloop
  endfacet
  facet normal 0 0 1
    outer loop
      vertex -42.1603 4.49092 2.99
      vertex -63.5 12.35 2.99
      vertex -42.1623 4.4901 2.99
    endloop
  endfacet
  facet normal 0 0 1
    outer loop
      vertex -41.111 4.85808 2.99
      vertex -63.5 12.35 2.99
      vertex -41.646 4.70397 2.99
    endloop
  endfacet
  facet normal 0 0 1
    outer loop
      vertex -41.1068 4.85904 2.99
      vertex -63.5 12.35 2.99
      vertex -41.109 4.85868 2.99
    endloop
  endfacet
  facet normal 0 0 1
    outer loop
      vertex -40.0022 4.98351 2.99
      vertex -63.5 12.35 2.99
      vertex -40.558 4.95229 2.99
    endloop
  endfacet
  facet normal -0 0 1
    outer loop
      vertex 44.9835 -0.00215157 2.99
      vertex 66.5 -12.35 2.99
      vertex 44.9836 0 2.99
    endloop
  endfacet
  facet normal -0 0 1
    outer loop
      vertex 44.9523 -0.557989 2.99
      vertex 66.5 -12.35 2.99
      vertex 44.9835 -0.00215157 2.99
    endloop
  endfacet
  facet normal -0 0 1
    outer loop
      vertex 44.859 -1.10684 2.99
      vertex 66.5 -12.35 2.99
      vertex 44.9523 -0.557989 2.99
    endloop
  endfacet
  facet normal -0 0 1
    outer loop
      vertex 44.8587 -1.10896 2.99
      vertex 66.5 -12.35 2.99
      vertex 44.859 -1.10684 2.99
    endloop
  endfacet
  facet normal -0 0 1
    outer loop
      vertex 44.8581 -1.11103 2.99
      vertex 66.5 -12.35 2.99
      vertex 44.8587 -1.10896 2.99
    endloop
  endfacet
  facet normal -0 0 1
    outer loop
      vertex 44.704 -1.64599 2.99
      vertex 66.5 -12.35 2.99
      vertex 44.8581 -1.11103 2.99
    endloop
  endfacet
  facet normal -0 0 1
    outer loop
      vertex 44.4909 -2.16032 2.99
      vertex 66.5 -12.35 2.99
      vertex 44.704 -1.64599 2.99
    endloop
  endfacet
  facet normal -0 0 1
    outer loop
      vertex 44.4901 -2.16232 2.99
      vertex 66.5 -12.35 2.99
      vertex 44.4909 -2.16032 2.99
    endloop
  endfacet
  facet normal -0 0 1
    outer loop
      vertex 44.2208 -2.64956 2.99
      vertex 66.5 -12.35 2.99
      vertex 44.4901 -2.16232 2.99
    endloop
  endfacet
  facet normal -0 0 1
    outer loop
      vertex 44.2198 -2.65145 2.99
      vertex 66.5 -12.35 2.99
      vertex 44.2208 -2.64956 2.99
    endloop
  endfacet
  facet normal -0 0 1
    outer loop
      vertex 44.2185 -2.65321 2.99
      vertex 66.5 -12.35 2.99
      vertex 44.2198 -2.65145 2.99
    endloop
  endfacet
  facet normal -0 0 1
    outer loop
      vertex 43.8964 -3.10724 2.99
      vertex 66.5 -12.35 2.99
      vertex 44.2185 -2.65321 2.99
    endloop
  endfacet
  facet normal -0 0 1
    outer loop
      vertex 43.8949 -3.10885 2.99
      vertex 66.5 -12.35 2.99
      vertex 43.8964 -3.10724 2.99
    endloop
  endfacet
  facet normal -0 0 1
    outer loop
      vertex 43.524 -3.52396 2.99
      vertex 66.5 -12.35 2.99
      vertex 43.8949 -3.10885 2.99
    endloop
  endfacet
  facet normal -0 0 1
    outer loop
      vertex 43.1088 -3.89492 2.99
      vertex 66.5 -12.35 2.99
      vertex 43.524 -3.52396 2.99
    endloop
  endfacet
  facet normal -0 0 1
    outer loop
      vertex 43.1072 -3.89636 2.99
      vertex 66.5 -12.35 2.99
      vertex 43.1088 -3.89492 2.99
    endloop
  endfacet
  facet normal -0 0 1
    outer loop
      vertex 42.6532 -4.21851 2.99
      vertex 66.5 -12.35 2.99
      vertex 43.1072 -3.89636 2.99
    endloop
  endfacet
  facet normal -0 0 1
    outer loop
      vertex 42.6515 -4.21976 2.99
      vertex 66.5 -12.35 2.99
      vertex 42.6532 -4.21851 2.99
    endloop
  endfacet
  facet normal -0 0 1
    outer loop
      vertex 42.6496 -4.2208 2.99
      vertex 66.5 -12.35 2.99
      vertex 42.6515 -4.21976 2.99
    endloop
  endfacet
  facet normal -0 0 1
    outer loop
      vertex 42.1623 -4.4901 2.99
      vertex 66.5 -12.35 2.99
      vertex 42.6496 -4.2208 2.99
    endloop
  endfacet
  facet normal -0 0 1
    outer loop
      vertex 42.1603 -4.49092 2.99
      vertex 66.5 -12.35 2.99
      vertex 42.1623 -4.4901 2.99
    endloop
  endfacet
  facet normal -0 0 1
    outer loop
      vertex 41.646 -4.70397 2.99
      vertex 66.5 -12.35 2.99
      vertex 42.1603 -4.49092 2.99
    endloop
  endfacet
  facet normal -0 0 1
    outer loop
      vertex 41.111 -4.85808 2.99
      vertex 66.5 -12.35 2.99
      vertex 41.646 -4.70397 2.99
    endloop
  endfacet
  facet normal -0 0 1
    outer loop
      vertex 41.109 -4.85868 2.99
      vertex 66.5 -12.35 2.99
      vertex 41.111 -4.85808 2.99
    endloop
  endfacet
  facet normal -0 0 1
    outer loop
      vertex 41.1068 -4.85904 2.99
      vertex 66.5 -12.35 2.99
      vertex 41.109 -4.85868 2.99
    endloop
  endfacet
  facet normal -0 0 1
    outer loop
      vertex 40.558 -4.95229 2.99
      vertex 66.5 -12.35 2.99
      vertex 41.1068 -4.85904 2.99
    endloop
  endfacet
  facet normal -0 0 1
    outer loop
      vertex 40.0022 -4.98351 2.99
      vertex 66.5 -12.35 2.99
      vertex 40.558 -4.95229 2.99
    endloop
  endfacet
  facet normal -0 0 1
    outer loop
      vertex 40 -4.98363 2.99
      vertex 66.5 -12.35 2.99
      vertex 40.0022 -4.98351 2.99
    endloop
  endfacet
  facet normal 0 0 1
    outer loop
      vertex 39.9978 -4.98351 2.99
      vertex 66.5 -12.35 2.99
      vertex 40 -4.98363 2.99
    endloop
  endfacet
  facet normal 0 0 1
    outer loop
      vertex 39.442 -4.95229 2.99
      vertex 66.5 -12.35 2.99
      vertex 39.9978 -4.98351 2.99
    endloop
  endfacet
  facet normal 0 0 1
    outer loop
      vertex 38.8932 -4.85904 2.99
      vertex 66.5 -12.35 2.99
      vertex 39.442 -4.95229 2.99
    endloop
  endfacet
  facet normal 0 0 1
    outer loop
      vertex 38.891 -4.85868 2.99
      vertex 66.5 -12.35 2.99
      vertex 38.8932 -4.85904 2.99
    endloop
  endfacet
  facet normal 0 0 1
    outer loop
      vertex 37.8377 -4.4901 2.99
      vertex 38.354 -4.70397 2.99
      vertex 37.8397 -4.49092 2.99
    endloop
  endfacet
  facet normal 0 0 1
    outer loop
      vertex 36.476 -3.52396 2.99
      vertex 36.8928 -3.89636 2.99
      vertex 36.8912 -3.89492 2.99
    endloop
  endfacet
  facet normal 0 0 1
    outer loop
      vertex 35.7802 -2.65145 2.99
      vertex 36.1036 -3.10724 2.99
      vertex 35.7815 -2.65321 2.99
    endloop
  endfacet
  facet normal 0 0 1
    outer loop
      vertex 35.5099 -2.16232 2.99
      vertex 35.7802 -2.65145 2.99
      vertex 35.7792 -2.64956 2.99
    endloop
  endfacet
  facet normal 0 0 1
    outer loop
      vertex 35.296 -1.64599 2.99
      vertex 35.5099 -2.16232 2.99
      vertex 35.5091 -2.16032 2.99
    endloop
  endfacet
  facet normal -0 0 1
    outer loop
      vertex -35.0164 0 2.99
      vertex 35.0476 -0.555838 2.99
      vertex 35.0164 0 2.99
    endloop
  endfacet
  facet normal 0 0 1
    outer loop
      vertex -35.0164 0 2.99
      vertex 35.0477 -0.557989 2.99
      vertex 35.0476 -0.555838 2.99
    endloop
  endfacet
  facet normal -0 0 1
    outer loop
      vertex -35.0476 -0.555838 2.99
      vertex 35.0477 -0.557989 2.99
      vertex -35.0164 0 2.99
    endloop
  endfacet
  facet normal 0 0 1
    outer loop
      vertex -35.0477 -0.557989 2.99
      vertex 35.0477 -0.557989 2.99
      vertex -35.0476 -0.555838 2.99
    endloop
  endfacet
  facet normal 0 0 1
    outer loop
      vertex 35.0477 -0.557989 2.99
      vertex -35.0477 -0.557989 2.99
      vertex 35.141 -1.10684 2.99
    endloop
  endfacet
  facet normal 0 0 1
    outer loop
      vertex 35.141 -1.10684 2.99
      vertex -35.0477 -0.557989 2.99
      vertex 35.1413 -1.10896 2.99
    endloop
  endfacet
  facet normal -0 0 1
    outer loop
      vertex -35.141 -1.10684 2.99
      vertex 35.1413 -1.10896 2.99
      vertex -35.0477 -0.557989 2.99
    endloop
  endfacet
  facet normal 0 0 1
    outer loop
      vertex -35.1413 -1.10896 2.99
      vertex 35.1413 -1.10896 2.99
      vertex -35.141 -1.10684 2.99
    endloop
  endfacet
  facet normal 0 0 1
    outer loop
      vertex 35.1413 -1.10896 2.99
      vertex -35.1413 -1.10896 2.99
      vertex 35.1419 -1.11103 2.99
    endloop
  endfacet
  facet normal 0 0 1
    outer loop
      vertex 35.1419 -1.11103 2.99
      vertex -35.1413 -1.10896 2.99
      vertex 35.296 -1.64599 2.99
    endloop
  endfacet
  facet normal -0 0 1
    outer loop
      vertex -35.1419 -1.11103 2.99
      vertex 35.296 -1.64599 2.99
      vertex -35.1413 -1.10896 2.99
    endloop
  endfacet
  facet normal 0 0 1
    outer loop
      vertex -35.296 -1.64599 2.99
      vertex 35.296 -1.64599 2.99
      vertex -35.1419 -1.11103 2.99
    endloop
  endfacet
  facet normal 0 0 1
    outer loop
      vertex 35.296 -1.64599 2.99
      vertex -35.296 -1.64599 2.99
      vertex 35.5099 -2.16232 2.99
    endloop
  endfacet
  facet normal -0 0 1
    outer loop
      vertex -35.5091 -2.16032 2.99
      vertex 35.5099 -2.16232 2.99
      vertex -35.296 -1.64599 2.99
    endloop
  endfacet
  facet normal 0 0 1
    outer loop
      vertex -35.5099 -2.16232 2.99
      vertex 35.5099 -2.16232 2.99
      vertex -35.5091 -2.16032 2.99
    endloop
  endfacet
  facet normal 0 0 1
    outer loop
      vertex 35.5099 -2.16232 2.99
      vertex -35.5099 -2.16232 2.99
      vertex 35.7802 -2.65145 2.99
    endloop
  endfacet
  facet normal -0 0 1
    outer loop
      vertex -35.7792 -2.64956 2.99
      vertex 35.7802 -2.65145 2.99
      vertex -35.5099 -2.16232 2.99
    endloop
  endfacet
  facet normal 0 0 1
    outer loop
      vertex -35.7802 -2.65145 2.99
      vertex 35.7802 -2.65145 2.99
      vertex -35.7792 -2.64956 2.99
    endloop
  endfacet
  facet normal 0 0 1
    outer loop
      vertex 35.7802 -2.65145 2.99
      vertex -35.7802 -2.65145 2.99
      vertex 36.1036 -3.10724 2.99
    endloop
  endfacet
  facet normal -0 0 1
    outer loop
      vertex -35.7815 -2.65321 2.99
      vertex 36.1036 -3.10724 2.99
      vertex -35.7802 -2.65145 2.99
    endloop
  endfacet
  facet normal 0 0 1
    outer loop
      vertex -36.1036 -3.10724 2.99
      vertex 36.1036 -3.10724 2.99
      vertex -35.7815 -2.65321 2.99
    endloop
  endfacet
  facet normal 0 0 1
    outer loop
      vertex 36.1036 -3.10724 2.99
      vertex -36.1036 -3.10724 2.99
      vertex 36.1051 -3.10885 2.99
    endloop
  endfacet
  facet normal 0 0 1
    outer loop
      vertex 36.1051 -3.10885 2.99
      vertex -36.1036 -3.10724 2.99
      vertex 36.476 -3.52396 2.99
    endloop
  endfacet
  facet normal -0 0 1
    outer loop
      vertex -36.1051 -3.10885 2.99
      vertex 36.476 -3.52396 2.99
      vertex -36.1036 -3.10724 2.99
    endloop
  endfacet
  facet normal 0 0 1
    outer loop
      vertex -36.476 -3.52396 2.99
      vertex 36.476 -3.52396 2.99
      vertex -36.1051 -3.10885 2.99
    endloop
  endfacet
  facet normal 0 0 1
    outer loop
      vertex 36.476 -3.52396 2.99
      vertex -36.476 -3.52396 2.99
      vertex 36.8928 -3.89636 2.99
    endloop
  endfacet
  facet normal -0 0 1
    outer loop
      vertex -36.8912 -3.89492 2.99
      vertex 36.8928 -3.89636 2.99
      vertex -36.476 -3.52396 2.99
    endloop
  endfacet
  facet normal 0 0 1
    outer loop
      vertex -36.8928 -3.89636 2.99
      vertex 36.8928 -3.89636 2.99
      vertex -36.8912 -3.89492 2.99
    endloop
  endfacet
  facet normal 0 0 1
    outer loop
      vertex 36.8928 -3.89636 2.99
      vertex -36.8928 -3.89636 2.99
      vertex 37.3468 -4.21851 2.99
    endloop
  endfacet
  facet normal 0 0 1
    outer loop
      vertex 37.3468 -4.21851 2.99
      vertex -36.8928 -3.89636 2.99
      vertex 37.3485 -4.21976 2.99
    endloop
  endfacet
  facet normal -0 0 1
    outer loop
      vertex -37.3468 -4.21851 2.99
      vertex 37.3485 -4.21976 2.99
      vertex -36.8928 -3.89636 2.99
    endloop
  endfacet
  facet normal 0 0 1
    outer loop
      vertex -37.3485 -4.21976 2.99
      vertex 37.3485 -4.21976 2.99
      vertex -37.3468 -4.21851 2.99
    endloop
  endfacet
  facet normal 0 0 1
    outer loop
      vertex 37.3485 -4.21976 2.99
      vertex -37.3485 -4.21976 2.99
      vertex 37.3504 -4.2208 2.99
    endloop
  endfacet
  facet normal 0 0 1
    outer loop
      vertex 37.3504 -4.2208 2.99
      vertex -37.3485 -4.21976 2.99
      vertex 37.8377 -4.4901 2.99
    endloop
  endfacet
  facet normal -0 0 1
    outer loop
      vertex -37.3504 -4.2208 2.99
      vertex 37.8377 -4.4901 2.99
      vertex -37.3485 -4.21976 2.99
    endloop
  endfacet
  facet normal 0 0 1
    outer loop
      vertex -37.8377 -4.4901 2.99
      vertex 37.8377 -4.4901 2.99
      vertex -37.3504 -4.2208 2.99
    endloop
  endfacet
  facet normal 0 0 1
    outer loop
      vertex 37.8377 -4.4901 2.99
      vertex -37.8377 -4.4901 2.99
      vertex 38.354 -4.70397 2.99
    endloop
  endfacet
  facet normal -0 0 1
    outer loop
      vertex -37.8397 -4.49092 2.99
      vertex 38.354 -4.70397 2.99
      vertex -37.8377 -4.4901 2.99
    endloop
  endfacet
  facet normal 0 0 1
    outer loop
      vertex -38.354 -4.70397 2.99
      vertex 38.354 -4.70397 2.99
      vertex -37.8397 -4.49092 2.99
    endloop
  endfacet
  facet normal 0 0 1
    outer loop
      vertex 38.354 -4.70397 2.99
      vertex -38.354 -4.70397 2.99
      vertex 38.889 -4.85808 2.99
    endloop
  endfacet
  facet normal 0 0 1
    outer loop
      vertex 38.889 -4.85808 2.99
      vertex -38.354 -4.70397 2.99
      vertex 38.891 -4.85868 2.99
    endloop
  endfacet
  facet normal -0 0 1
    outer loop
      vertex -38.889 -4.85808 2.99
      vertex 38.891 -4.85868 2.99
      vertex -38.354 -4.70397 2.99
    endloop
  endfacet
  facet normal 0 0 1
    outer loop
      vertex -38.891 -4.85868 2.99
      vertex 38.891 -4.85868 2.99
      vertex -38.889 -4.85808 2.99
    endloop
  endfacet
  facet normal 0 0 1
    outer loop
      vertex -63.5 -12.35 2.99
      vertex 38.891 -4.85868 2.99
      vertex -38.891 -4.85868 2.99
    endloop
  endfacet
  facet normal 0 0 1
    outer loop
      vertex -63.5 -12.35 2.99
      vertex -38.891 -4.85868 2.99
      vertex -38.8932 -4.85904 2.99
    endloop
  endfacet
  facet normal 0 0 1
    outer loop
      vertex -63.5 -12.35 2.99
      vertex -38.8932 -4.85904 2.99
      vertex -39.442 -4.95229 2.99
    endloop
  endfacet
  facet normal 0 0 1
    outer loop
      vertex -63.5 -12.35 2.99
      vertex -39.442 -4.95229 2.99
      vertex -39.9978 -4.98351 2.99
    endloop
  endfacet
  facet normal 0 0 1
    outer loop
      vertex -63.5 -12.35 2.99
      vertex -39.9978 -4.98351 2.99
      vertex -40 -4.98363 2.99
    endloop
  endfacet
  facet normal 0 0 1
    outer loop
      vertex -63.5 -12.35 2.99
      vertex -40 -4.98363 2.99
      vertex -40.0022 -4.98351 2.99
    endloop
  endfacet
  facet normal 0 0 1
    outer loop
      vertex -63.5 -12.35 2.99
      vertex -40.0022 -4.98351 2.99
      vertex -40.558 -4.95229 2.99
    endloop
  endfacet
  facet normal 0 0 1
    outer loop
      vertex -63.5 -12.35 2.99
      vertex -41.1068 -4.85904 2.99
      vertex -41.109 -4.85868 2.99
    endloop
  endfacet
  facet normal 0 0 1
    outer loop
      vertex -63.5 -12.35 2.99
      vertex -41.111 -4.85808 2.99
      vertex -41.646 -4.70397 2.99
    endloop
  endfacet
  facet normal 0 0 1
    outer loop
      vertex -63.5 -12.35 2.99
      vertex -42.1603 -4.49092 2.99
      vertex -42.1623 -4.4901 2.99
    endloop
  endfacet
  facet normal 0 0 1
    outer loop
      vertex -63.5 -12.35 2.99
      vertex -43.1088 -3.89492 2.99
      vertex -43.524 -3.52396 2.99
    endloop
  endfacet
  facet normal 0 0 1
    outer loop
      vertex -63.5 -12.35 2.99
      vertex -44.2185 -2.65321 2.99
      vertex -44.2198 -2.65145 2.99
    endloop
  endfacet
  facet normal 0 0 1
    outer loop
      vertex -63.5 -12.35 2.99
      vertex -44.2208 -2.64956 2.99
      vertex -44.4901 -2.16232 2.99
    endloop
  endfacet
  facet normal 0 0 1
    outer loop
      vertex -63.5 -12.35 2.99
      vertex -44.8581 -1.11103 2.99
      vertex -44.8587 -1.10896 2.99
    endloop
  endfacet
  facet normal 0 0 1
    outer loop
      vertex -63.5 -12.35 2.99
      vertex -44.859 -1.10684 2.99
      vertex -44.9523 -0.557989 2.99
    endloop
  endfacet
  facet normal 0 0 1
    outer loop
      vertex -63.5 -12.35 2.99
      vertex -44.9835 -0.00215157 2.99
      vertex -44.9836 0 2.99
    endloop
  endfacet
  facet normal 0 0 1
    outer loop
      vertex -63.5 -12.35 2.99
      vertex -44.9836 0 2.99
      vertex -63.5 12.35 2.99
    endloop
  endfacet
  facet normal 0 0 1
    outer loop
      vertex -44.9835 -0.00215157 2.99
      vertex -63.5 -12.35 2.99
      vertex -44.9523 -0.557989 2.99
    endloop
  endfacet
  facet normal 0 0 1
    outer loop
      vertex -44.859 -1.10684 2.99
      vertex -63.5 -12.35 2.99
      vertex -44.8587 -1.10896 2.99
    endloop
  endfacet
  facet normal 0 0 1
    outer loop
      vertex -44.8581 -1.11103 2.99
      vertex -63.5 -12.35 2.99
      vertex -44.704 -1.64599 2.99
    endloop
  endfacet
  facet normal 0 0 1
    outer loop
      vertex -44.704 -1.64599 2.99
      vertex -63.5 -12.35 2.99
      vertex -44.4909 -2.16032 2.99
    endloop
  endfacet
  facet normal 0 0 1
    outer loop
      vertex -44.4909 -2.16032 2.99
      vertex -63.5 -12.35 2.99
      vertex -44.4901 -2.16232 2.99
    endloop
  endfacet
  facet normal 0 0 1
    outer loop
      vertex -44.2208 -2.64956 2.99
      vertex -63.5 -12.35 2.99
      vertex -44.2198 -2.65145 2.99
    endloop
  endfacet
  facet normal 0 0 1
    outer loop
      vertex -44.2185 -2.65321 2.99
      vertex -63.5 -12.35 2.99
      vertex -43.8964 -3.10724 2.99
    endloop
  endfacet
  facet normal 0 0 1
    outer loop
      vertex -43.8964 -3.10724 2.99
      vertex -63.5 -12.35 2.99
      vertex -43.8949 -3.10885 2.99
    endloop
  endfacet
  facet normal 0 0 1
    outer loop
      vertex -43.8949 -3.10885 2.99
      vertex -63.5 -12.35 2.99
      vertex -43.524 -3.52396 2.99
    endloop
  endfacet
  facet normal 0 0 1
    outer loop
      vertex 38.891 -4.85868 2.99
      vertex -63.5 -12.35 2.99
      vertex 66.5 -12.35 2.99
    endloop
  endfacet
  facet normal 0 0 1
    outer loop
      vertex -41.1068 -4.85904 2.99
      vertex -63.5 -12.35 2.99
      vertex -40.558 -4.95229 2.99
    endloop
  endfacet
  facet normal 0 0 1
    outer loop
      vertex -41.111 -4.85808 2.99
      vertex -63.5 -12.35 2.99
      vertex -41.109 -4.85868 2.99
    endloop
  endfacet
  facet normal 0 0 1
    outer loop
      vertex -42.1603 -4.49092 2.99
      vertex -63.5 -12.35 2.99
      vertex -41.646 -4.70397 2.99
    endloop
  endfacet
  facet normal 0 0 1
    outer loop
      vertex -42.6496 -4.2208 2.99
      vertex -63.5 -12.35 2.99
      vertex -42.1623 -4.4901 2.99
    endloop
  endfacet
  facet normal 0 0 1
    outer loop
      vertex -42.6515 -4.21976 2.99
      vertex -63.5 -12.35 2.99
      vertex -42.6496 -4.2208 2.99
    endloop
  endfacet
  facet normal 0 0 1
    outer loop
      vertex -42.6532 -4.21851 2.99
      vertex -63.5 -12.35 2.99
      vertex -42.6515 -4.21976 2.99
    endloop
  endfacet
  facet normal 0 0 1
    outer loop
      vertex -43.1072 -3.89636 2.99
      vertex -63.5 -12.35 2.99
      vertex -42.6532 -4.21851 2.99
    endloop
  endfacet
  facet normal 0 0 1
    outer loop
      vertex -43.1088 -3.89492 2.99
      vertex -63.5 -12.35 2.99
      vertex -43.1072 -3.89636 2.99
    endloop
  endfacet
  facet normal 0 1 -0
    outer loop
      vertex 66.5 -12.35 2.99
      vertex -63.5 -12.35 6.5
      vertex 66.5 -12.35 6.5
    endloop
  endfacet
  facet normal 0 1 0
    outer loop
      vertex -63.5 -12.35 6.5
      vertex 66.5 -12.35 2.99
      vertex -63.5 -12.35 2.99
    endloop
  endfacet
  facet normal 0 -1 0
    outer loop
      vertex 68.5 11 15.5
      vertex 71.5 11 26.1
      vertex 68.5 11 26.1
    endloop
  endfacet
  facet normal 0 -1 -0
    outer loop
      vertex 71.5 11 26.1
      vertex 68.5 11 15.5
      vertex 71.5 11 15.5
    endloop
  endfacet
  facet normal -0 0 1
    outer loop
      vertex 68.5 11 15.5
      vertex 71.5 -11 15.5
      vertex 71.5 11 15.5
    endloop
  endfacet
  facet normal 0 0 1
    outer loop
      vertex 71.5 -11 15.5
      vertex 68.5 11 15.5
      vertex 68.5 -11 15.5
    endloop
  endfacet
  facet normal 0 1 -0
    outer loop
      vertex 71.5 -11 15.5
      vertex 68.5 -11 26.1
      vertex 71.5 -11 26.1
    endloop
  endfacet
  facet normal 0 1 0
    outer loop
      vertex 68.5 -11 26.1
      vertex 71.5 -11 15.5
      vertex 68.5 -11 15.5
    endloop
  endfacet
endsolid OpenSCAD_Model
